2009.10.13,00:00,10.52,10.68,10.49,10.60,31
2009.10.14,00:00,10.71,10.72,10.53,10.71,39
2009.10.15,00:00,10.63,10.68,10.46,10.48,30
2009.10.16,00:00,10.55,10.56,10.24,10.31,41
2009.10.19,00:00,10.41,10.63,10.27,10.59,55
2009.10.20,00:00,10.61,10.64,10.40,10.55,43
2009.10.21,00:00,10.71,10.86,10.49,10.53,57
2009.10.22,00:00,10.12,10.28,9.79,10.09,96
2009.10.23,00:00,10.19,10.27,9.85,9.92,58
2009.10.26,00:00,9.87,10.02,9.69,9.82,62
2009.10.27,00:00,9.74,9.96,9.61,9.74,71
2009.10.28,00:00,9.64,9.93,9.55,9.58,71
2009.10.29,00:00,9.68,9.80,9.64,9.68,33
2009.10.30,00:00,9.70,9.72,9.31,9.37,50
2009.11.02,00:00,9.28,9.58,9.05,9.44,91
2009.11.03,00:00,9.37,9.51,9.31,9.47,31
2009.11.04,00:00,9.47,9.63,9.43,9.49,39
2009.11.05,00:00,9.67,9.85,9.62,9.78,36
2009.11.06,00:00,9.74,9.89,9.66,9.82,39
2009.11.09,00:00,9.84,9.89,9.74,9.79,26
2009.11.10,00:00,9.85,9.94,9.78,9.86,32
2009.11.11,00:00,9.93,10.04,9.89,10.00,24
2009.11.12,00:00,10.02,10.13,10.00,10.06,23
2009.11.13,00:00,10.05,10.12,9.94,9.99,31
2009.11.16,00:00,10.03,10.15,9.97,10.01,35
2009.11.17,00:00,9.98,10.00,9.81,9.95,36
2009.11.18,00:00,9.90,9.92,9.72,9.76,27
2009.11.19,00:00,9.71,9.88,9.68,9.76,36
2009.11.20,00:00,9.71,9.74,9.58,9.59,21
2009.11.23,00:00,9.67,9.90,9.65,9.87,31
2009.11.24,00:00,9.89,9.99,9.76,9.93,43
2009.11.25,00:00,9.99,10.00,9.89,9.94,18
2009.11.27,00:00,9.65,9.86,9.59,9.77,43
2009.11.30,00:00,9.77,10.33,9.76,10.30,62
2009.12.01,00:00,10.35,10.42,10.05,10.10,50
2009.12.02,00:00,10.16,10.19,9.97,10.00,29
2009.12.03,00:00,10.07,10.09,9.92,9.93,21
2009.12.04,00:00,10.07,10.10,9.82,9.96,46
2009.12.07,00:00,9.91,10.09,9.72,9.73,57
2009.12.08,00:00,9.66,9.67,9.45,9.50,29
2009.12.09,00:00,9.45,9.57,9.28,9.56,48
2009.12.10,00:00,9.62,9.68,9.44,9.48,35
2009.12.11,00:00,9.51,9.63,9.47,9.55,29
2009.12.14,00:00,9.56,9.61,9.48,9.54,25
2009.12.15,00:00,9.43,9.55,9.37,9.44,36
2009.12.16,00:00,9.52,9.68,9.51,9.63,24
2009.12.17,00:00,9.55,9.66,9.49,9.59,31
2009.12.18,00:00,9.66,9.68,9.37,9.54,51
2009.12.21,00:00,9.60,9.66,9.55,9.63,20
2009.12.22,00:00,9.61,9.71,9.59,9.65,21
2009.12.23,00:00,9.70,10.20,9.69,10.09,64
2009.12.24,00:00,10.15,10.15,10.03,10.05,15
2009.12.28,00:00,10.05,10.10,9.99,10.05,23
2009.12.29,00:00,10.00,10.05,9.95,9.97,18
2009.12.30,00:00,9.95,10.06,9.93,10.02,20
2009.12.31,00:00,10.10,10.10,9.89,9.90,23
2010.01.04,00:00,9.98,10.09,9.94,10.06,23
2010.01.05,00:00,10.01,10.06,9.89,9.95,29
2010.01.06,00:00,9.95,10.02,9.87,9.89,25
2010.01.07,00:00,9.89,9.89,9.75,9.78,18
2010.01.08,00:00,9.76,9.95,9.72,9.89,34
2010.01.11,00:00,9.90,10.00,9.79,9.87,40
2010.01.12,00:00,9.84,9.87,9.66,9.76,35
2010.01.13,00:00,9.82,9.95,9.73,9.93,34
2010.01.14,00:00,9.89,9.89,9.62,9.63,29
2010.01.15,00:00,9.68,9.71,9.31,9.46,59
2010.01.19,00:00,9.38,9.84,9.38,9.79,52
2010.01.20,00:00,9.76,9.76,9.34,9.36,45
2010.01.21,00:00,10.06,10.33,9.95,10.16,67
2010.01.22,00:00,10.10,10.18,9.77,9.92,65
2010.01.25,00:00,9.98,10.05,9.83,9.97,44
2010.01.26,00:00,9.90,10.25,9.88,10.13,52
2010.01.27,00:00,10.02,10.21,9.95,10.09,46
2010.01.28,00:00,10.10,10.13,9.71,9.82,57
2010.01.29,00:00,9.87,10.10,9.63,9.69,77
2010.02.01,00:00,9.64,9.84,9.64,9.75,30
2010.02.02,00:00,9.70,9.82,9.65,9.71,34
2010.02.03,00:00,9.67,9.81,9.63,9.78,26
2010.02.04,00:00,9.66,9.80,9.43,9.45,54
2010.02.05,00:00,9.44,9.59,9.36,9.56,35
2010.02.08,00:00,9.57,9.66,9.45,9.47,33
2010.02.09,00:00,9.58,9.64,9.36,9.42,41
2010.02.10,00:00,9.39,9.42,9.15,9.24,40
2010.02.11,00:00,9.18,9.34,9.07,9.31,42
2010.02.12,00:00,9.15,9.28,9.05,9.16,46
2010.02.16,00:00,9.26,9.48,9.26,9.48,23
2010.02.17,00:00,9.47,9.58,9.42,9.55,25
2010.02.18,00:00,9.62,9.63,9.48,9.61,30
2010.02.19,00:00,9.64,9.89,9.45,9.86,67
2010.02.22,00:00,9.86,9.89,9.71,9.80,31
2010.02.23,00:00,9.74,9.76,9.55,9.63,32
2010.02.24,00:00,9.72,9.84,9.64,9.79,34
2010.02.25,00:00,9.68,9.69,9.50,9.68,39
2010.02.26,00:00,9.67,9.70,9.52,9.69,35
2010.03.01,00:00,9.73,10.07,9.66,10.05,51
2010.03.02,00:00,10.02,10.15,10.02,10.10,19
2010.03.03,00:00,9.92,10.08,9.83,9.89,48
2010.03.04,00:00,9.68,10.02,9.66,10.01,40
2010.03.05,00:00,10.02,10.50,10.02,10.37,62
2010.03.08,00:00,10.28,10.50,10.27,10.45,30
2010.03.09,00:00,10.38,10.83,10.37,10.74,57
2010.03.10,00:00,10.72,10.86,10.66,10.76,37
2010.03.11,00:00,10.70,10.93,10.59,10.71,68
2010.03.12,00:00,10.77,10.94,10.73,10.93,27
2010.03.15,00:00,10.93,11.21,10.85,11.06,60
2010.03.16,00:00,11.17,11.30,11.04,11.28,42
2010.03.17,00:00,11.28,11.51,11.26,11.36,43
2010.03.18,00:00,11.43,11.57,11.33,11.56,36
2010.03.19,00:00,11.64,11.69,11.38,11.44,43
2010.03.22,00:00,11.25,11.45,11.20,11.39,37
2010.03.23,00:00,11.37,11.46,11.25,11.38,42
2010.03.24,00:00,11.36,11.44,11.30,11.34,27
2010.03.25,00:00,11.66,11.94,11.59,11.60,65
2010.03.26,00:00,11.63,11.68,11.48,11.55,33
2010.03.29,00:00,11.57,11.58,11.44,11.48,20
2010.03.30,00:00,11.57,11.57,11.34,11.42,32
2010.03.31,00:00,11.36,11.44,11.30,11.35,28
2010.04.01,00:00,11.41,11.49,11.17,11.18,42
2010.04.05,00:00,11.15,11.65,11.15,11.52,64
2010.04.06,00:00,11.45,11.56,11.32,11.48,46
2010.04.07,00:00,11.40,11.43,11.22,11.30,33
2010.04.08,00:00,11.10,11.25,11.01,11.14,45
2010.04.09,00:00,11.13,11.20,11.06,11.18,24
2010.04.12,00:00,11.21,11.28,11.16,11.21,25
2010.04.13,00:00,11.17,11.21,11.05,11.21,29
2010.04.14,00:00,11.30,11.41,11.24,11.38,27
2010.04.15,00:00,11.44,11.45,11.33,11.36,17
2010.04.16,00:00,11.35,11.38,11.04,11.08,42
2010.04.19,00:00,11.03,11.10,10.84,11.08,48
2010.04.20,00:00,11.14,11.19,11.04,11.11,28
2010.04.21,00:00,11.09,11.19,10.90,11.06,56
2010.04.22,00:00,10.29,10.44,10.06,10.43,63
2010.04.23,00:00,10.42,10.45,10.27,10.33,28
2010.04.26,00:00,10.28,10.43,10.18,10.34,45
2010.04.27,00:00,10.27,10.31,9.96,10.01,45
2010.04.28,00:00,10.06,10.12,9.97,10.10,27
2010.04.29,00:00,10.10,10.23,10.00,10.20,37
2010.04.30,00:00,10.16,10.25,10.00,10.01,36
2010.05.03,00:00,9.95,10.14,9.94,10.06,30
2010.05.04,00:00,9.77,9.79,9.45,9.71,63
2010.05.05,00:00,9.71,9.79,9.50,9.54,42
2010.05.06,00:00,9.51,9.74,8.65,9.37,205
2010.05.07,00:00,9.32,9.55,8.94,9.04,95
2010.05.10,00:00,9.52,9.61,9.31,9.40,49
2010.05.11,00:00,9.33,9.60,9.25,9.42,62
2010.05.12,00:00,9.48,9.51,9.36,9.47,30
2010.05.13,00:00,9.75,9.81,9.54,9.55,35
2010.05.14,00:00,9.52,9.53,9.29,9.36,33
2010.05.17,00:00,9.33,9.49,9.26,9.47,33
2010.05.18,00:00,9.52,9.58,9.31,9.33,36
2010.05.19,00:00,9.26,9.31,9.04,9.11,40
2010.05.20,00:00,8.90,9.03,8.59,8.76,75
2010.05.21,00:00,8.55,9.04,8.55,9.02,52
2010.05.24,00:00,8.98,9.18,8.89,8.99,58
2010.05.25,00:00,8.73,9.10,8.65,9.09,55
2010.05.26,00:00,9.15,9.28,8.96,9.00,50
2010.05.27,00:00,9.16,9.23,9.09,9.22,23
2010.05.28,00:00,9.23,9.24,8.90,9.01,47
2010.06.01,00:00,8.85,9.07,8.80,8.82,52
2010.06.02,00:00,8.85,8.95,8.71,8.94,40
2010.06.03,00:00,9.06,9.34,8.93,9.34,55
2010.06.04,00:00,9.24,9.61,9.22,9.26,77
2010.06.07,00:00,9.26,9.38,9.01,9.07,56
2010.06.08,00:00,9.06,9.14,8.81,9.13,60
2010.06.09,00:00,9.20,9.42,9.14,9.17,54
2010.06.10,00:00,9.24,9.42,9.24,9.38,23
2010.06.11,00:00,9.26,9.55,9.26,9.53,32
2010.06.14,00:00,9.60,9.65,9.33,9.35,40
2010.06.15,00:00,9.39,9.44,9.26,9.42,34
2010.06.16,00:00,9.38,9.44,9.26,9.31,30
2010.06.17,00:00,9.41,9.41,9.22,9.30,28
2010.06.18,00:00,9.33,9.42,9.27,9.33,31
2010.06.21,00:00,9.44,9.52,9.13,9.20,55
2010.06.22,00:00,9.27,9.30,9.06,9.07,29
2010.06.23,00:00,9.07,9.15,8.91,8.98,40
2010.06.24,00:00,8.93,8.99,8.67,8.78,50
2010.06.25,00:00,8.80,8.88,8.64,8.82,47
2010.06.28,00:00,8.78,8.83,8.60,8.72,41
2010.06.29,00:00,8.54,8.57,8.22,8.29,46
2010.06.30,00:00,8.27,8.48,8.23,8.25,49
2010.07.01,00:00,8.25,8.32,8.02,8.27,59
2010.07.02,00:00,8.32,8.32,8.10,8.11,24
2010.07.06,00:00,8.27,8.33,8.07,8.14,40
2010.07.07,00:00,8.11,8.35,8.06,8.34,36
2010.07.08,00:00,8.36,8.50,8.27,8.37,46
2010.07.09,00:00,8.39,8.55,8.30,8.54,36
2010.07.12,00:00,8.49,8.60,8.44,8.51,31
2010.07.13,00:00,8.61,8.89,8.61,8.84,34
2010.07.14,00:00,8.85,9.03,8.71,8.88,62
2010.07.15,00:00,8.94,8.94,8.70,8.85,40
2010.07.16,00:00,8.86,8.87,8.44,8.46,47
2010.07.19,00:00,8.49,8.64,8.47,8.59,25
2010.07.20,00:00,8.43,8.78,8.38,8.75,49
2010.07.21,00:00,8.72,8.82,8.43,8.49,56
2010.07.22,00:00,8.88,9.07,8.75,8.81,58
2010.07.23,00:00,8.77,8.88,8.62,8.88,42
2010.07.26,00:00,8.83,8.90,8.78,8.90,18
2010.07.27,00:00,8.96,8.97,8.79,8.86,27
2010.07.28,00:00,8.81,8.88,8.76,8.86,20
2010.07.29,00:00,8.85,8.92,8.65,8.74,44
2010.07.30,00:00,8.69,8.90,8.64,8.80,42
2010.08.02,00:00,8.96,9.08,8.91,9.03,28
2010.08.03,00:00,9.00,9.05,8.80,8.83,34
2010.08.04,00:00,8.85,8.93,8.80,8.88,24
2010.08.05,00:00,8.84,8.88,8.71,8.87,32
2010.08.06,00:00,8.73,9.04,8.72,9.03,35
2010.08.09,00:00,9.20,9.52,9.14,9.25,72
2010.08.10,00:00,9.24,9.30,9.10,9.22,39
2010.08.11,00:00,9.04,9.07,8.93,8.94,19
2010.08.12,00:00,9.01,9.20,8.98,9.09,37
2010.08.13,00:00,9.01,9.14,8.97,9.05,31
2010.08.16,00:00,9.03,9.47,9.01,9.28,68
2010.08.17,00:00,9.29,9.46,9.29,9.41,23
2010.08.18,00:00,9.42,9.62,9.32,9.57,46
2010.08.19,00:00,9.49,9.79,9.47,9.74,40
2010.08.20,00:00,9.66,9.87,9.65,9.84,27
2010.08.23,00:00,9.86,9.94,9.77,9.79,28
2010.08.24,00:00,9.69,9.80,9.59,9.63,37
2010.08.25,00:00,9.56,9.80,9.53,9.75,36
2010.08.26,00:00,9.79,9.87,9.56,9.57,41
2010.08.27,00:00,9.61,9.76,9.42,9.76,54
2010.08.30,00:00,9.76,9.89,9.73,9.73,30
2010.08.31,00:00,9.68,9.79,9.57,9.78,35
2010.09.01,00:00,9.77,10.12,9.77,10.11,37
2010.09.02,00:00,10.07,10.13,10.00,10.13,21
2010.09.03,00:00,10.21,10.30,10.08,10.16,40
2010.09.07,00:00,10.10,10.11,9.87,9.90,29
2010.09.08,00:00,10.11,10.35,10.06,10.34,36
2010.09.09,00:00,10.36,10.37,10.07,10.23,48
2010.09.10,00:00,10.24,10.33,10.08,10.14,41
2010.09.13,00:00,10.10,10.30,10.10,10.23,28
2010.09.14,00:00,10.17,10.26,10.12,10.21,25
2010.09.15,00:00,10.12,10.22,10.07,10.18,25
2010.09.16,00:00,10.19,10.23,9.95,10.06,44
2010.09.17,00:00,10.14,10.26,10.10,10.19,28
2010.09.20,00:00,10.21,10.40,10.19,10.37,27
2010.09.21,00:00,10.39,10.48,10.33,10.41,29
2010.09.22,00:00,10.06,10.29,9.84,10.24,73
2010.09.23,00:00,10.17,10.31,10.11,10.21,37
2010.09.24,00:00,10.31,10.45,10.19,10.41,43
2010.09.27,00:00,10.40,10.48,10.32,10.43,30
2010.09.28,00:00,10.45,10.52,10.23,10.47,57
2010.09.29,00:00,10.42,10.58,10.34,10.52,39
2010.09.30,00:00,10.56,10.59,10.21,10.27,48
2010.10.01,00:00,10.35,10.40,10.18,10.29,39
2010.10.04,00:00,10.29,10.30,10.07,10.13,31
2010.10.05,00:00,10.28,10.37,10.20,10.35,28
2010.10.06,00:00,10.38,10.43,10.21,10.29,36
2010.10.07,00:00,10.34,10.47,10.29,10.42,29
2010.10.08,00:00,10.44,10.44,10.23,10.36,35
2010.10.11,00:00,10.33,10.41,10.19,10.22,34
2010.10.12,00:00,10.21,10.35,10.13,10.29,37
2010.10.13,00:00,10.33,10.55,10.29,10.47,39
2010.10.14,00:00,10.53,10.80,10.52,10.64,46
2010.10.15,00:00,10.81,10.90,10.73,10.81,35
2010.10.18,00:00,10.88,10.94,10.71,10.83,42
2010.10.19,00:00,10.78,10.82,10.58,10.75,46
2010.10.20,00:00,10.75,10.90,10.73,10.80,30
2010.10.21,00:00,11.56,11.97,11.44,11.45,96
2010.10.22,00:00,11.47,11.82,11.45,11.81,41
2010.10.25,00:00,11.65,11.82,11.64,11.76,26
2010.10.26,00:00,11.61,12.30,11.60,12.10,92
2010.10.27,00:00,12.02,12.35,11.97,12.32,47
2010.10.28,00:00,12.37,12.54,12.22,12.51,51
2010.10.29,00:00,12.44,12.58,12.41,12.57,22
2010.11.01,00:00,12.40,12.60,12.30,12.36,57
2010.11.02,00:00,12.44,12.75,12.44,12.65,42
2010.11.03,00:00,12.61,12.69,12.49,12.67,35
2010.11.04,00:00,12.77,12.82,12.63,12.69,31
2010.11.05,00:00,12.70,13.02,12.69,12.99,38
2010.11.08,00:00,12.96,13.15,12.90,12.98,49
2010.11.09,00:00,12.96,12.98,12.73,12.85,40
2010.11.10,00:00,12.95,13.02,12.71,13.02,56
2010.11.11,00:00,12.81,13.01,12.71,12.96,46
2010.11.12,00:00,12.88,12.96,12.66,12.69,42
2010.11.15,00:00,12.70,12.81,12.56,12.65,46
2010.11.16,00:00,12.47,12.71,12.44,12.53,49
2010.11.17,00:00,12.49,12.70,12.38,12.69,45
2010.11.18,00:00,12.77,12.98,12.72,12.87,43
2010.11.19,00:00,12.86,12.86,12.65,12.75,32
2010.11.22,00:00,12.66,12.91,12.58,12.90,43
2010.11.23,00:00,12.73,12.78,12.48,12.70,58
2010.11.24,00:00,12.79,13.15,12.79,13.14,38
2010.11.26,00:00,13.05,13.25,13.02,13.11,41
2010.11.29,00:00,12.97,13.32,12.69,12.72,102
2010.11.30,00:00,12.45,12.48,12.12,12.26,54
2010.12.01,00:00,12.47,12.67,12.27,12.31,65
2010.12.02,00:00,12.37,12.66,12.31,12.59,49
2010.12.03,00:00,12.39,12.50,12.31,12.46,32
2010.12.06,00:00,12.41,12.55,12.38,12.41,35
2010.12.07,00:00,12.56,12.80,12.55,12.63,44
2010.12.08,00:00,12.67,12.72,12.47,12.69,49
2010.12.09,00:00,12.73,12.82,12.70,12.77,21
2010.12.10,00:00,12.84,12.97,12.77,12.92,33
2010.12.13,00:00,12.93,12.97,12.74,12.74,28
2010.12.14,00:00,12.79,12.97,12.74,12.94,32
2010.12.15,00:00,12.93,12.97,12.68,12.71,37
2010.12.16,00:00,12.76,12.85,12.61,12.85,40
2010.12.17,00:00,12.87,12.89,12.53,12.55,41
2010.12.20,00:00,12.56,12.58,12.41,12.45,24
2010.12.21,00:00,12.45,12.50,12.04,12.06,54
2010.12.22,00:00,12.11,12.20,12.02,12.03,29
2010.12.23,00:00,12.01,12.02,11.86,11.92,24
2010.12.27,00:00,11.86,11.98,11.78,11.92,35
2010.12.28,00:00,11.92,11.93,11.82,11.93,22
2010.12.29,00:00,11.94,11.99,11.84,11.94,31
2010.12.30,00:00,11.90,11.92,11.78,11.84,23
2010.12.31,00:00,11.81,11.83,11.65,11.71,27
2011.01.03,00:00,11.87,12.14,11.84,12.07,41
2011.01.04,00:00,12.16,12.34,11.97,11.98,57
2011.01.05,00:00,11.95,12.14,11.92,12.09,31
2011.01.06,00:00,12.13,12.16,11.91,11.96,34
2011.01.07,00:00,12.01,12.03,11.46,11.66,80
2011.01.10,00:00,11.63,11.92,11.57,11.89,45
2011.01.11,00:00,11.94,12.00,11.82,11.94,37
2011.01.12,00:00,11.99,12.13,11.91,12.13,31
2011.01.13,00:00,12.16,12.17,11.99,12.08,29
2011.01.14,00:00,12.07,12.29,11.96,12.28,46
2011.01.18,00:00,12.30,12.44,12.23,12.39,34
2011.01.19,00:00,12.40,12.53,12.15,12.25,62
2011.01.20,00:00,12.66,13.04,12.56,12.95,68
2011.01.21,00:00,12.94,13.01,12.60,12.63,52
2011.01.24,00:00,12.62,12.87,12.61,12.84,31
2011.01.25,00:00,12.73,13.02,12.65,13.01,47
2011.01.26,00:00,12.94,13.11,12.74,13.07,62
2011.01.27,00:00,13.05,13.13,12.86,13.03,53
2011.01.28,00:00,12.98,13.13,12.66,12.76,73
2011.01.31,00:00,12.74,12.84,12.50,12.78,65
2011.02.01,00:00,12.88,13.38,12.85,13.32,63
2011.02.02,00:00,13.26,13.52,13.20,13.42,49
2011.02.03,00:00,13.38,13.64,13.37,13.49,44
2011.02.04,00:00,13.42,13.58,13.24,13.56,55
2011.02.07,00:00,13.53,13.72,13.51,13.57,39
2011.02.08,00:00,13.59,13.78,13.56,13.74,30
2011.02.09,00:00,13.63,13.69,13.39,13.45,43
2011.02.10,00:00,13.37,14.64,13.36,14.52,142
2011.02.11,00:00,14.39,14.62,14.29,14.52,54
2011.02.14,00:00,14.52,14.53,14.16,14.25,48
2011.02.15,00:00,14.18,14.53,14.18,14.50,39
2011.02.16,00:00,14.52,14.62,14.40,14.50,43
2011.02.17,00:00,14.49,14.88,14.48,14.60,70
2011.02.18,00:00,14.58,14.63,14.48,14.53,26
2011.02.22,00:00,14.36,14.53,14.11,14.16,65
2011.02.23,00:00,14.21,14.30,13.81,13.83,61
2011.02.24,00:00,13.80,13.97,13.68,13.93,46
2011.02.25,00:00,13.97,14.21,13.95,14.15,35
2011.02.28,00:00,14.18,14.31,14.04,14.10,47
2011.03.01,00:00,14.20,14.20,13.53,13.59,74
2011.03.02,00:00,13.55,13.84,13.43,13.75,63
2011.03.03,00:00,13.64,14.13,13.64,13.86,77
2011.03.04,00:00,13.75,13.80,13.38,13.47,57
2011.03.07,00:00,13.52,13.67,13.12,13.26,85
2011.03.08,00:00,13.26,13.44,13.21,13.33,40
2011.03.09,00:00,13.26,13.27,12.90,13.19,68
2011.03.10,00:00,13.07,13.38,12.92,13.08,92
2011.03.11,00:00,13.01,13.17,12.90,13.01,55
2011.03.14,00:00,12.94,12.96,12.68,12.95,56
2011.03.15,00:00,12.59,13.01,12.51,12.81,79
2011.03.16,00:00,12.78,12.98,12.46,12.51,78
2011.03.17,00:00,12.71,13.00,12.54,12.61,83
2011.03.18,00:00,12.76,13.07,12.73,12.82,63
2011.03.21,00:00,13.03,13.17,12.81,12.87,57
2011.03.22,00:00,12.84,12.85,12.62,12.72,35
2011.03.23,00:00,12.72,12.96,12.61,12.91,52
2011.03.24,00:00,13.03,13.37,12.92,13.37,57
2011.03.25,00:00,13.43,13.63,13.34,13.34,50
2011.03.28,00:00,13.39,13.39,12.75,12.77,67
2011.03.29,00:00,12.75,13.11,12.75,13.08,40
2011.03.30,00:00,13.17,13.41,13.09,13.31,51
2011.03.31,00:00,13.30,13.34,13.05,13.06,35
2011.04.01,00:00,13.23,13.35,12.92,13.20,84
2011.04.04,00:00,13.20,13.32,12.99,13.21,66
2011.04.05,00:00,13.21,13.83,13.17,13.40,114
2011.04.06,00:00,13.52,13.72,13.31,13.41,72
2011.04.07,00:00,13.35,13.44,13.11,13.27,59
2011.04.08,00:00,13.30,13.42,13.01,13.11,64
2011.04.11,00:00,13.15,13.33,13.01,13.13,63
2011.04.12,00:00,12.98,13.20,12.88,12.92,59
2011.04.13,00:00,13.01,13.06,12.80,12.91,43
2011.04.14,00:00,12.88,13.02,12.71,12.98,53
2011.04.15,00:00,12.98,13.35,12.93,13.30,53
2011.04.18,00:00,13.13,13.16,12.81,13.11,69
2011.04.19,00:00,13.10,13.14,12.95,13.11,38
2011.04.20,00:00,13.30,13.56,13.21,13.37,64
2011.04.21,00:00,13.39,13.47,13.31,13.45,27
2011.04.25,00:00,13.65,13.87,13.57,13.87,39
2011.04.26,00:00,14.00,14.06,13.81,13.92,43
2011.04.27,00:00,13.99,14.41,13.92,14.32,66
2011.04.28,00:00,14.53,14.58,13.97,14.31,101
2011.04.29,00:00,14.36,14.52,14.31,14.47,32
2011.05.02,00:00,14.19,14.47,14.14,14.16,64
2011.05.03,00:00,14.12,14.30,14.00,14.12,61
2011.05.04,00:00,14.04,14.08,13.75,13.89,52
2011.05.05,00:00,13.76,14.03,13.66,13.75,74
2011.05.06,00:00,13.89,14.06,13.54,13.77,93
2011.05.09,00:00,13.71,14.02,13.62,13.94,58
2011.05.10,00:00,14.31,14.47,14.15,14.28,62
2011.05.11,00:00,14.15,14.31,13.95,14.02,60
2011.05.12,00:00,14.00,14.20,13.87,14.13,54
2011.05.13,00:00,14.10,14.28,14.00,14.13,54
2011.05.16,00:00,14.03,14.06,13.59,13.62,54
2011.05.17,00:00,13.61,13.75,13.49,13.74,40
2011.05.18,00:00,13.71,13.86,13.55,13.84,50
2011.05.19,00:00,13.94,13.97,13.79,13.84,27
2011.05.20,00:00,13.80,13.84,13.66,13.67,24
2011.05.23,00:00,13.47,13.47,13.26,13.31,27
2011.05.24,00:00,13.36,13.45,12.97,12.97,58
2011.05.25,00:00,12.99,13.01,12.77,12.92,42
2011.05.26,00:00,12.87,12.99,12.78,12.90,40
2011.05.27,00:00,12.91,12.95,12.84,12.91,23
2011.05.31,00:00,13.11,13.22,13.03,13.12,38
2011.06.01,00:00,13.10,13.14,12.88,12.89,32
2011.06.02,00:00,12.84,13.19,12.84,13.17,38
2011.06.03,00:00,12.96,13.08,12.74,12.75,48
2011.06.06,00:00,12.72,12.83,12.41,12.44,57
2011.06.07,00:00,12.54,12.77,12.41,12.59,68
2011.06.08,00:00,12.86,13.00,12.77,12.86,47
2011.06.09,00:00,12.88,13.03,12.82,12.90,41
2011.06.10,00:00,12.83,12.96,12.60,12.61,51
2011.06.13,00:00,12.65,12.71,12.40,12.57,55
2011.06.14,00:00,12.67,12.74,12.49,12.53,37
2011.06.15,00:00,12.41,12.49,12.02,12.06,60
2011.06.16,00:00,12.05,12.25,11.89,11.98,66
2011.06.17,00:00,12.13,12.17,11.97,12.13,41
2011.06.20,00:00,12.07,12.19,12.02,12.13,29
2011.06.21,00:00,12.16,12.58,12.11,12.53,58
2011.06.22,00:00,12.47,12.49,12.33,12.35,21
2011.06.23,00:00,12.22,12.35,12.11,12.31,40
2011.06.24,00:00,12.33,12.44,11.85,11.93,79
2011.06.27,00:00,11.89,12.24,11.89,12.08,52
2011.06.28,00:00,12.12,12.38,12.06,12.19,58
2011.06.29,00:00,12.27,13.09,12.01,12.99,145
2011.06.30,00:00,13.61,13.81,13.34,13.58,92
2011.07.01,00:00,13.58,13.80,13.46,13.78,49
2011.07.05,00:00,13.78,13.84,13.62,13.74,41
2011.07.06,00:00,13.74,13.93,13.62,13.86,51
2011.07.07,00:00,13.93,14.14,13.91,14.03,37
2011.07.08,00:00,13.87,14.07,13.82,14.07,31
2011.07.11,00:00,13.93,14.34,13.77,13.85,107
2011.07.12,00:00,13.99,14.10,13.52,13.58,76
2011.07.13,00:00,13.64,13.80,13.49,13.63,62
2011.07.14,00:00,13.60,13.80,13.43,13.55,70
2011.07.15,00:00,13.69,13.90,13.61,13.81,47
2011.07.18,00:00,13.81,13.99,13.62,13.76,70
2011.07.19,00:00,13.92,14.34,13.79,14.21,82
2011.07.20,00:00,14.31,14.39,13.88,13.96,68
2011.07.21,00:00,14.21,14.73,14.03,14.07,127
2011.07.22,00:00,14.10,14.16,13.94,14.10,45
2011.07.25,00:00,13.87,14.30,13.83,14.23,59
2011.07.26,00:00,14.28,14.52,14.24,14.49,36
2011.07.27,00:00,14.38,14.39,14.02,14.04,41
2011.07.28,00:00,13.99,14.22,13.91,14.04,58
2011.07.29,00:00,13.94,14.09,13.77,13.78,49
2011.08.01,00:00,13.94,14.04,13.60,13.90,85
2011.08.02,00:00,13.78,13.85,13.35,13.36,59
2011.08.03,00:00,13.37,13.70,12.99,13.57,123
2011.08.04,00:00,13.33,13.38,12.64,12.64,80
2011.08.05,00:00,12.78,12.81,12.00,12.33,118
2011.08.08,00:00,11.93,12.10,11.34,11.34,94
2011.08.09,00:00,11.50,12.70,11.48,12.69,126
2011.08.10,00:00,12.36,12.78,12.12,12.27,124
2011.08.11,00:00,12.31,12.87,12.21,12.71,93
2011.08.12,00:00,12.77,12.91,12.57,12.85,61
2011.08.15,00:00,12.90,13.03,12.73,13.00,51
2011.08.16,00:00,12.86,12.97,12.57,12.78,73
2011.08.17,00:00,12.82,13.04,12.54,12.73,92
2011.08.18,00:00,12.35,12.51,11.61,11.76,122
2011.08.19,00:00,11.56,12.01,11.30,11.43,130
2011.08.22,00:00,11.69,11.78,11.41,11.52,58
2011.08.23,00:00,11.59,12.18,11.44,12.17,91
2011.08.24,00:00,12.17,12.49,12.02,12.23,89
2011.08.25,00:00,12.26,12.41,11.89,11.92,71
2011.08.26,00:00,11.89,12.40,11.64,12.40,102
2011.08.29,00:00,12.51,12.92,12.51,12.83,51
2011.08.30,00:00,12.75,13.13,12.65,13.03,69
2011.08.31,00:00,13.05,13.30,12.80,12.99,95
2011.09.01,00:00,12.95,13.11,12.73,12.79,61
2011.09.02,00:00,12.57,12.64,12.27,12.38,56
2011.09.06,00:00,12.00,12.36,11.96,12.32,49
2011.09.07,00:00,12.50,12.56,12.34,12.52,43
2011.09.08,00:00,12.48,12.90,12.43,12.84,59
2011.09.09,00:00,12.67,12.68,11.90,11.98,88
2011.09.12,00:00,11.97,12.43,11.95,12.38,56
2011.09.13,00:00,12.38,12.49,12.25,12.37,48
2011.09.14,00:00,12.44,12.92,12.23,12.69,114
2011.09.15,00:00,13.04,13.57,13.00,13.48,71
2011.09.16,00:00,13.77,14.27,13.62,14.18,90
2011.09.19,00:00,13.97,14.08,13.70,13.93,73
2011.09.20,00:00,13.97,14.08,13.62,13.78,74
2011.09.21,00:00,13.79,14.21,13.53,13.57,115
2011.09.22,00:00,13.07,13.43,12.95,13.33,71
2011.09.23,00:00,13.23,13.62,13.15,13.50,68
2011.09.26,00:00,13.60,13.72,13.15,13.70,105
2011.09.27,00:00,13.91,14.01,13.50,13.69,81
2011.09.28,00:00,13.78,13.95,13.27,13.32,91
2011.09.29,00:00,13.59,13.63,12.59,12.91,141
2011.09.30,00:00,12.71,12.86,12.26,12.41,91
2011.10.03,00:00,12.28,12.39,11.81,11.83,72
2011.10.04,00:00,11.68,12.36,11.54,12.35,98
2011.10.05,00:00,12.41,12.95,12.15,12.85,117
2011.10.06,00:00,12.87,13.24,12.65,13.23,83
2011.10.07,00:00,13.17,13.27,12.94,13.08,58
2011.10.10,00:00,13.34,13.65,13.22,13.59,62
2011.10.11,00:00,13.47,13.91,13.46,13.82,56
2011.10.12,00:00,13.99,14.17,13.77,13.78,60
2011.10.13,00:00,13.71,13.83,13.46,13.78,68
2011.10.14,00:00,14.00,14.26,13.98,14.18,39
2011.10.17,00:00,14.13,14.14,13.91,13.98,32
2011.10.18,00:00,14.04,14.37,13.67,14.26,119
2011.10.19,00:00,14.25,14.49,13.84,13.96,102
2011.10.20,00:00,13.40,13.65,12.90,13.53,138
2011.10.21,00:00,13.69,13.71,13.41,13.52,44
2011.10.24,00:00,13.46,13.72,13.31,13.62,67
2011.10.25,00:00,13.61,13.77,13.30,13.33,67
2011.10.26,00:00,13.44,13.58,12.90,13.08,101
2011.10.27,00:00,13.47,13.70,13.38,13.59,53
2011.10.28,00:00,13.48,14.02,13.47,13.99,60
2011.10.31,00:00,13.79,13.79,13.37,13.40,46
2011.11.01,00:00,12.95,13.30,12.92,13.00,72
2011.11.02,00:00,13.17,13.44,13.16,13.38,36
2011.11.03,00:00,13.48,13.93,13.44,13.91,56
2011.11.04,00:00,13.75,13.83,13.54,13.77,57
2011.11.07,00:00,13.72,13.72,13.40,13.67,60
2011.11.08,00:00,13.75,13.88,13.53,13.86,60
2011.11.09,00:00,13.54,13.54,13.10,13.12,47
2011.11.10,00:00,13.25,13.28,12.83,12.94,60
2011.11.11,00:00,13.09,13.45,13.06,13.37,51
2011.11.14,00:00,13.33,13.38,13.15,13.22,36
2011.11.15,00:00,13.13,13.33,12.97,13.24,62
2011.11.16,00:00,13.10,13.14,12.81,12.85,42
2011.11.17,00:00,12.80,12.85,12.24,12.48,91
2011.11.18,00:00,12.58,12.77,12.49,12.55,54
2011.11.21,00:00,12.34,12.37,11.97,12.10,57
2011.11.22,00:00,12.07,12.30,12.00,12.22,46
2011.11.23,00:00,12.13,12.40,12.00,12.02,70
2011.11.25,00:00,12.01,12.16,11.85,11.88,50
2011.11.28,00:00,12.33,12.56,12.25,12.48,48
2011.11.29,00:00,12.51,12.51,12.00,12.10,62
2011.11.30,00:00,12.49,12.57,12.34,12.45,43
2011.12.01,00:00,12.43,12.64,12.38,12.49,47
2011.12.02,00:00,12.62,12.75,12.45,12.46,45
2011.12.05,00:00,12.94,13.02,12.84,12.92,35
2011.12.06,00:00,12.96,13.13,12.92,13.01,38
2011.12.07,00:00,12.93,13.11,12.79,13.02,56
2011.12.08,00:00,12.89,13.24,12.87,13.06,58
2011.12.09,00:00,13.08,13.37,13.08,13.32,35
2011.12.12,00:00,13.16,13.22,13.00,13.10,39
2011.12.13,00:00,13.17,13.35,12.88,12.98,76
2011.12.14,00:00,13.10,13.12,12.61,12.74,67
2011.12.15,00:00,12.84,12.87,12.24,12.46,89
2011.12.16,00:00,12.54,12.99,12.51,12.79,72
2011.12.19,00:00,12.88,12.97,12.47,12.53,66
2011.12.20,00:00,12.77,12.90,12.65,12.89,39
2011.12.21,00:00,12.84,13.01,12.50,12.77,96
2011.12.22,00:00,12.75,12.95,12.70,12.88,38
2011.12.23,00:00,12.96,13.00,12.81,12.98,37
2011.12.27,00:00,12.97,13.06,12.85,13.01,39
2011.12.28,00:00,12.96,13.04,12.76,12.80,41
2011.12.29,00:00,12.78,12.82,12.59,12.78,47
2011.12.30,00:00,12.74,12.85,12.69,12.77,30
2012.01.03,00:00,12.98,13.26,12.95,13.19,42
2012.01.04,00:00,12.87,12.88,12.44,12.69,71
2012.01.05,00:00,12.71,12.94,12.62,12.93,43
2012.01.06,00:00,12.91,13.02,12.87,12.89,29
2012.01.09,00:00,13.05,13.08,12.70,12.84,56
2012.01.10,00:00,13.03,13.19,12.96,13.13,37
2012.01.11,00:00,13.19,13.43,13.19,13.27,41
2012.01.12,00:00,13.36,13.47,13.19,13.29,50
2012.01.13,00:00,13.24,13.28,12.86,12.89,50
2012.01.17,00:00,13.11,13.15,12.75,12.85,55
2012.01.18,00:00,12.67,12.80,12.58,12.77,35
2012.01.19,00:00,13.17,13.44,13.05,13.26,70
2012.01.20,00:00,13.26,13.45,13.19,13.44,35
2012.01.23,00:00,13.36,13.66,13.35,13.46,53
2012.01.24,00:00,13.35,13.57,13.35,13.45,35
2012.01.25,00:00,13.37,13.50,13.27,13.44,40
2012.01.26,00:00,13.50,13.59,13.24,13.35,56
2012.01.27,00:00,13.32,13.48,13.24,13.41,40
2012.01.30,00:00,13.28,13.38,13.24,13.29,28
2012.01.31,00:00,13.36,13.43,13.19,13.30,43
2012.02.01,00:00,13.43,13.68,13.36,13.55,53
2012.02.02,00:00,13.55,13.80,13.49,13.76,42
2012.02.03,00:00,13.89,14.00,13.82,13.87,35
2012.02.06,00:00,13.76,13.78,13.63,13.74,29
2012.02.07,00:00,13.75,13.88,13.64,13.83,41
2012.02.08,00:00,13.85,14.05,13.78,13.91,49
2012.02.09,00:00,13.94,14.01,13.72,14.00,53
2012.02.10,00:00,13.84,14.01,13.73,13.90,51
2012.02.13,00:00,14.01,14.10,13.89,13.96,38
2012.02.14,00:00,13.89,13.99,13.77,13.87,43
2012.02.15,00:00,13.96,14.25,13.84,14.02,77
2012.02.16,00:00,14.03,14.56,14.03,14.52,58
2012.02.17,00:00,14.51,14.82,14.41,14.76,58
2012.02.21,00:00,14.76,14.87,14.70,14.79,32
2012.02.22,00:00,14.73,14.75,14.48,14.59,41
2012.02.23,00:00,14.63,15.21,14.60,15.16,70
2012.02.24,00:00,15.15,15.37,15.08,15.30,44
2012.02.27,00:00,15.22,15.49,15.17,15.39,48
2012.02.28,00:00,15.42,15.47,15.30,15.41,34
2012.02.29,00:00,15.41,15.43,15.00,15.04,50
2012.03.01,00:00,15.10,15.36,15.08,15.31,36
2012.03.02,00:00,15.29,15.30,15.08,15.26,42
2012.03.05,00:00,14.97,15.13,14.92,15.03,37
2012.03.06,00:00,14.87,14.98,14.66,14.77,55
2012.03.07,00:00,14.83,15.15,14.83,14.98,50
2012.03.08,00:00,15.09,15.15,14.96,15.06,36
2012.03.09,00:00,15.08,15.33,15.06,15.26,37
2012.03.12,00:00,15.30,15.32,15.04,15.23,50
2012.03.13,00:00,15.27,15.72,15.08,15.71,85
2012.03.14,00:00,15.70,15.88,15.60,15.83,44
2012.03.15,00:00,15.64,15.75,15.46,15.50,45
2012.03.16,00:00,15.51,15.95,15.51,15.86,54
2012.03.19,00:00,15.68,15.99,15.61,15.91,54
2012.03.20,00:00,15.78,15.80,15.62,15.74,33
2012.03.21,00:00,15.75,15.86,15.63,15.75,47
2012.03.22,00:00,15.64,15.89,15.57,15.83,46
2012.03.23,00:00,15.89,15.90,15.54,15.61,45
2012.03.26,00:00,15.78,16.03,15.72,16.03,38
2012.03.27,00:00,16.04,16.07,15.89,15.94,27
2012.03.28,00:00,15.90,15.94,15.55,15.68,57
2012.03.29,00:00,15.61,15.63,15.45,15.57,33
2012.03.30,00:00,15.70,15.74,15.43,15.53,46
2012.04.02,00:00,15.44,15.48,15.26,15.40,41
2012.04.03,00:00,15.33,15.51,15.28,15.42,38
2012.04.04,00:00,15.27,15.28,14.94,15.04,46
2012.04.05,00:00,14.96,15.10,14.88,14.99,42
2012.04.09,00:00,14.95,15.35,14.92,15.28,54
2012.04.10,00:00,15.21,15.43,14.86,14.93,87
2012.04.11,00:00,15.08,15.23,15.00,15.05,44
2012.04.12,00:00,15.11,15.45,15.10,15.35,47
2012.04.13,00:00,15.29,15.36,15.15,15.20,34
2012.04.16,00:00,15.26,15.30,14.91,14.94,47
2012.04.17,00:00,15.04,15.29,15.04,15.19,36
2012.04.18,00:00,15.21,15.27,14.94,15.10,56
2012.04.19,00:00,16.47,17.61,16.43,17.10,174
2012.04.20,00:00,17.09,17.21,16.94,16.96,42
2012.04.23,00:00,16.58,16.79,16.54,16.69,40
2012.04.24,00:00,16.64,16.83,16.45,16.54,67
2012.04.25,00:00,16.67,17.02,16.50,16.78,94
2012.04.26,00:00,16.92,17.36,16.84,17.28,69
2012.04.27,00:00,17.48,17.50,17.12,17.35,64
2012.04.30,00:00,17.41,17.66,17.20,17.26,78
2012.05.01,00:00,17.13,17.43,17.13,17.15,59
2012.05.02,00:00,17.07,17.36,16.98,17.32,52
2012.05.03,00:00,17.27,17.31,16.84,17.00,68
2012.05.04,00:00,16.81,16.83,16.55,16.60,36
2012.05.07,00:00,16.50,16.99,16.41,16.86,81
2012.05.08,00:00,16.79,16.96,16.53,16.92,74
2012.05.09,00:00,16.76,17.19,16.69,17.07,70
2012.05.10,00:00,17.21,17.42,17.16,17.34,40
2012.05.11,00:00,17.26,17.38,17.13,17.15,40
2012.05.14,00:00,17.02,17.11,16.79,16.94,57
2012.05.15,00:00,16.95,17.08,16.77,16.86,54
2012.05.16,00:00,16.95,17.13,16.72,16.78,66
2012.05.17,00:00,16.73,16.92,16.43,16.43,69
2012.05.18,00:00,16.46,16.59,16.09,16.14,69
2012.05.21,00:00,16.21,16.77,16.16,16.63,81
2012.05.22,00:00,16.64,16.84,16.41,16.51,74
2012.05.23,00:00,16.44,16.72,16.31,16.70,57
2012.05.24,00:00,17.02,17.11,16.52,16.70,87
2012.05.25,00:00,16.75,17.07,16.68,16.98,56
2012.05.29,00:00,17.08,17.53,16.96,17.46,77
2012.05.30,00:00,17.31,17.32,16.33,16.66,134
2012.05.31,00:00,16.65,16.70,16.33,16.49,59
2012.06.01,00:00,16.14,16.43,15.99,16.34,69
2012.06.04,00:00,16.40,16.62,16.33,16.48,51
2012.06.05,00:00,16.44,16.77,16.38,16.73,50
2012.06.06,00:00,16.84,17.24,16.82,17.23,46
2012.06.07,00:00,17.44,17.56,17.17,17.21,56
2012.06.08,00:00,17.17,17.47,16.97,17.28,90
2012.06.11,00:00,17.36,17.51,17.15,17.23,60
2012.06.12,00:00,17.26,17.37,17.07,17.22,57
2012.06.13,00:00,17.20,17.21,16.78,16.91,58
2012.06.14,00:00,16.96,17.00,16.67,16.89,60
2012.06.15,00:00,16.93,17.16,16.89,17.12,36
2012.06.18,00:00,17.13,17.97,17.08,17.88,104
2012.06.19,00:00,17.95,18.49,17.74,18.31,115
2012.06.20,00:00,18.28,18.32,17.97,18.08,51
2012.06.21,00:00,18.11,18.18,17.53,17.61,81
2012.06.22,00:00,17.68,18.04,17.62,18.01,52
2012.06.25,00:00,17.78,17.88,17.46,17.59,66
2012.06.26,00:00,17.73,18.06,17.68,17.89,61
2012.06.27,00:00,17.94,18.06,17.69,17.80,61
2012.06.28,00:00,17.30,17.36,16.91,17.16,77
2012.06.29,00:00,17.50,17.75,17.26,17.68,81
2012.07.02,00:00,17.77,17.80,17.21,17.35,77
2012.07.03,00:00,17.38,17.50,17.26,17.34,45
2012.07.05,00:00,17.38,17.43,17.13,17.23,46
2012.07.06,00:00,17.16,17.21,16.81,17.01,66
2012.07.09,00:00,17.05,17.17,16.95,17.12,38
2012.07.10,00:00,17.27,17.34,16.51,16.70,110
2012.07.11,00:00,16.70,16.70,16.28,16.47,62
2012.07.12,00:00,16.33,16.62,16.21,16.54,62
2012.07.13,00:00,16.57,16.87,16.49,16.81,53
2012.07.16,00:00,16.72,16.72,16.20,16.25,58
2012.07.17,00:00,16.44,16.60,16.02,16.44,117
2012.07.18,00:00,16.51,17.09,16.44,17.03,79
2012.07.19,00:00,18.52,18.70,18.20,18.50,99
2012.07.20,00:00,18.43,19.14,18.39,18.88,106
2012.07.23,00:00,18.42,18.70,18.02,18.62,117
2012.07.24,00:00,18.56,18.79,18.16,18.32,103
2012.07.25,00:00,18.31,18.45,18.02,18.18,74
2012.07.26,00:00,18.48,18.64,18.22,18.43,80
2012.07.27,00:00,18.52,19.14,18.48,19.03,82
2012.07.30,00:00,18.98,19.42,18.94,19.19,76
2012.07.31,00:00,19.12,19.13,18.63,18.64,53
2012.08.01,00:00,18.81,18.88,18.40,18.47,63
2012.08.02,00:00,18.27,18.80,18.21,18.42,104
2012.08.03,00:00,18.85,19.03,18.68,18.73,59
2012.08.06,00:00,18.77,18.94,18.59,18.84,64
2012.08.07,00:00,18.96,19.36,18.94,19.20,61
2012.08.08,00:00,19.02,19.04,18.82,18.91,34
2012.08.09,00:00,18.96,19.03,18.57,18.63,60
2012.08.10,00:00,18.59,18.76,18.41,18.51,63
2012.08.13,00:00,18.55,19.17,18.54,19.07,75
2012.08.14,00:00,19.20,19.38,19.04,19.09,58
2012.08.15,00:00,19.04,19.18,18.92,18.93,42
2012.08.16,00:00,18.96,19.34,18.95,19.27,48
2012.08.17,00:00,19.47,19.80,19.26,19.73,83
2012.08.20,00:00,19.81,19.81,19.42,19.53,51
2012.08.21,00:00,19.53,19.65,19.15,19.30,78
2012.08.22,00:00,19.79,20.24,19.73,19.78,102
2012.08.23,00:00,19.89,19.92,19.53,19.70,60
2012.08.24,00:00,19.67,19.98,19.66,19.82,50
2012.08.27,00:00,19.93,19.94,19.64,19.77,45
2012.08.28,00:00,19.72,19.87,19.67,19.76,37
2012.08.29,00:00,19.87,20.16,19.87,19.99,47
2012.08.30,00:00,19.87,19.91,19.56,19.59,43
2012.08.31,00:00,19.78,20.12,19.68,19.98,69
2012.09.04,00:00,19.98,20.10,19.68,19.93,80
2012.09.05,00:00,19.67,19.97,19.51,19.85,75
2012.09.06,00:00,20.04,20.74,20.01,20.59,92
2012.09.07,00:00,20.62,20.73,20.49,20.72,39
2012.09.10,00:00,20.62,20.68,20.40,20.43,38
2012.09.11,00:00,20.42,20.46,20.20,20.34,45
2012.09.12,00:00,20.39,20.54,20.07,20.20,76
2012.09.13,00:00,20.14,20.66,20.07,20.57,76
2012.09.14,00:00,20.72,21.32,20.67,21.03,100
2012.09.17,00:00,21.24,21.25,20.96,21.25,58
2012.09.18,00:00,20.99,21.11,20.89,21.03,41
2012.09.19,00:00,21.11,21.24,20.85,21.21,69
2012.09.20,00:00,21.17,21.19,20.92,21.08,46
2012.09.21,00:00,21.04,21.06,20.75,20.82,41
2012.09.24,00:00,20.76,20.89,20.56,20.75,66
2012.09.25,00:00,20.76,20.83,20.14,20.21,84
2012.09.26,00:00,20.16,20.27,19.93,20.01,54
2012.09.27,00:00,20.08,20.75,20.08,20.67,76
2012.09.28,00:00,20.65,20.70,20.30,20.36,52
2012.10.01,00:00,20.44,20.64,20.23,20.30,69
2012.10.02,00:00,20.45,20.48,20.18,20.37,53
2012.10.03,00:00,20.48,20.49,20.27,20.45,42
2012.10.04,00:00,20.92,21.14,20.75,20.83,70
2012.10.05,00:00,20.98,21.06,20.43,20.51,80
2012.10.08,00:00,20.34,20.56,19.98,20.17,100
2012.10.09,00:00,20.16,20.20,19.41,19.45,88
2012.10.10,00:00,19.53,19.76,19.44,19.68,50
2012.10.11,00:00,19.89,20.05,19.74,19.99,53
2012.10.12,00:00,20.04,20.23,20.00,20.14,37
2012.10.15,00:00,20.11,20.23,19.47,19.95,137
2012.10.16,00:00,20.06,20.40,19.89,20.30,79
2012.10.17,00:00,20.40,20.49,20.12,20.29,64
2012.10.18,00:00,20.38,21.44,20.36,21.39,116
2012.10.19,00:00,21.34,21.38,20.86,21.03,74
2012.10.22,00:00,21.01,21.28,20.96,21.11,55
2012.10.23,00:00,20.92,21.24,20.71,20.77,92
2012.10.24,00:00,20.82,20.87,20.34,20.57,82
2012.10.25,00:00,20.71,20.78,20.33,20.35,55
2012.10.26,00:00,20.35,20.95,20.29,20.84,84
2012.10.31,00:00,20.83,20.84,20.25,20.31,67
2012.11.01,00:00,20.39,20.83,20.26,20.72,82
2012.11.02,00:00,20.78,20.87,20.49,20.49,48
2012.11.05,00:00,20.53,20.81,20.37,20.77,65
2012.11.06,00:00,20.78,21.04,20.70,20.83,64
2012.11.07,00:00,20.54,20.71,20.20,20.37,86
2012.11.08,00:00,20.39,20.78,20.11,20.15,111
2012.11.09,00:00,20.00,20.39,19.91,20.09,88
2012.11.12,00:00,20.10,20.21,19.77,19.98,77
2012.11.13,00:00,19.86,20.29,19.78,20.09,80
2012.11.14,00:00,20.13,20.20,19.45,19.56,94
2012.11.15,00:00,19.49,19.63,19.22,19.58,74
2012.11.16,00:00,19.61,20.00,19.46,19.89,81
2012.11.19,00:00,20.09,20.31,19.98,20.17,59
2012.11.20,00:00,20.21,20.39,20.03,20.31,63
2012.11.21,00:00,20.31,20.54,20.21,20.47,51
2012.11.23,00:00,20.59,20.69,20.52,20.63,31
2012.11.26,00:00,20.80,21.79,20.78,21.63,120
2012.11.27,00:00,21.49,21.77,21.21,21.53,109
2012.11.28,00:00,21.48,21.69,21.25,21.66,71
2012.11.29,00:00,21.78,22.22,21.68,21.97,90
2012.11.30,00:00,21.89,22.31,21.82,22.23,65
2012.12.03,00:00,22.34,22.37,21.87,21.90,57
2012.12.04,00:00,21.91,21.94,21.64,21.88,58
2012.12.05,00:00,21.93,22.10,21.68,21.89,81
2012.12.06,00:00,21.88,22.19,21.79,21.88,81
2012.12.07,00:00,21.94,22.03,21.66,21.78,59
2012.12.10,00:00,21.86,21.88,21.38,21.53,68
2012.12.11,00:00,21.64,21.97,21.59,21.88,53
2012.12.12,00:00,21.90,22.16,21.81,21.83,64
2012.12.13,00:00,21.80,21.87,21.36,21.47,70
2012.12.14,00:00,21.56,21.59,21.12,21.20,59
2012.12.17,00:00,21.26,21.74,21.13,21.60,89
2012.12.18,00:00,21.70,22.11,21.64,21.85,80
2012.12.19,00:00,21.89,21.93,21.55,21.61,49
2012.12.20,00:00,21.67,21.96,21.43,21.94,80
2012.12.21,00:00,21.64,21.67,21.33,21.61,66
2012.12.24,00:00,21.50,21.80,21.44,21.50,73
2012.12.26,00:00,21.47,21.51,20.98,21.14,74
2012.12.27,00:00,21.22,21.32,20.91,21.17,78
2012.12.28,00:00,21.00,21.23,20.95,20.96,53
2012.12.31,00:00,20.94,21.55,20.71,21.46,117
2013.01.02,00:00,22.05,22.60,21.90,22.55,91
2013.01.03,00:00,22.51,22.58,21.95,22.08,84
2013.01.04,00:00,22.08,22.35,21.98,22.21,62
2013.01.07,00:00,22.11,22.55,21.91,22.52,88
2013.01.08,00:00,22.46,22.81,22.10,22.17,114
2013.01.09,00:00,22.23,22.48,22.08,22.21,79
2013.01.10,00:00,22.45,22.52,22.07,22.31,77
2013.01.11,00:00,22.37,22.66,22.33,22.60,44
2013.01.14,00:00,22.55,22.59,22.24,22.38,54
2013.01.15,00:00,22.39,22.50,22.04,22.10,64
2013.01.16,00:00,22.28,22.50,21.84,22.26,131
2013.01.17,00:00,22.78,23.10,22.62,22.80,95
2013.01.18,00:00,22.80,22.94,22.60,22.82,67
2013.01.22,00:00,22.79,22.86,22.33,22.46,74
2013.01.23,00:00,22.47,22.74,22.45,22.47,59
2013.01.24,00:00,22.55,23.29,22.55,23.23,81
2013.01.25,00:00,23.57,23.85,23.54,23.79,41
2013.01.28,00:00,23.65,23.71,23.46,23.55,41
2013.01.29,00:00,23.43,23.50,23.27,23.43,47
2013.01.30,00:00,23.56,23.78,23.37,23.48,75
2013.01.31,00:00,23.30,23.68,23.28,23.56,55
2013.02.01,00:00,23.74,24.10,23.63,24.08,61
2013.02.04,00:00,23.84,23.88,23.41,23.44,55
2013.02.05,00:00,23.58,23.94,23.49,23.75,74
2013.02.06,00:00,23.57,23.78,23.45,23.62,62
2013.02.07,00:00,23.64,23.73,23.30,23.62,85
2013.02.08,00:00,23.76,24.02,23.73,23.83,52
2013.02.11,00:00,23.79,23.81,23.46,23.74,66
2013.02.12,00:00,23.74,24.07,23.62,23.90,75
2013.02.13,00:00,23.93,24.10,23.74,24.01,65
2013.02.14,00:00,23.90,24.04,23.83,23.92,41
2013.02.15,00:00,23.91,24.05,23.74,23.86,58
2013.02.19,00:00,23.93,23.98,23.72,23.86,46
2013.02.20,00:00,23.95,24.03,23.35,23.37,79
2013.02.21,00:00,23.29,23.39,22.69,22.99,111
2013.02.22,00:00,23.13,23.20,22.97,23.16,44
2013.02.25,00:00,23.32,23.42,22.56,22.56,97
2013.02.26,00:00,22.63,22.71,22.36,22.65,69
2013.02.27,00:00,22.74,22.96,22.59,22.79,70
2013.02.28,00:00,22.94,23.22,22.84,23.03,68
2013.03.01,00:00,22.98,23.19,22.74,23.11,78
2013.03.04,00:00,22.87,23.35,22.83,23.35,57
2013.03.05,00:00,23.38,23.57,23.05,23.26,93
2013.03.06,00:00,23.14,23.15,22.49,22.55,74
2013.03.07,00:00,22.60,22.67,22.20,22.30,65
2013.03.08,00:00,22.38,22.50,22.00,22.36,99
2013.03.11,00:00,22.35,22.45,22.17,22.21,43
2013.03.12,00:00,21.76,22.35,21.42,22.29,134
2013.03.13,00:00,22.29,22.31,21.30,21.46,120
2013.03.14,00:00,21.80,22.26,21.72,21.80,109
2013.03.15,00:00,21.77,21.92,21.18,21.22,94
2013.03.18,00:00,20.99,21.28,20.85,21.09,77
2013.03.19,00:00,21.46,22.57,21.24,21.50,263
2013.03.20,00:00,21.75,22.14,21.49,22.06,100
2013.03.21,00:00,21.97,22.33,21.86,22.27,65
2013.03.22,00:00,22.31,22.50,22.29,22.42,32
2013.03.25,00:00,22.47,22.47,21.52,21.60,104
2013.03.26,00:00,21.75,21.94,21.51,21.92,70
2013.03.27,00:00,21.74,22.13,21.44,21.92,121
2013.03.28,00:00,21.90,22.94,21.65,22.82,167
2013.04.01,00:00,23.42,23.88,23.33,23.45,108
2013.04.02,00:00,23.68,23.90,23.55,23.64,67
2013.04.03,00:00,23.49,23.57,23.28,23.36,46
2013.04.04,00:00,23.29,23.51,23.19,23.48,46
2013.04.05,00:00,23.03,23.40,22.94,23.37,59
2013.04.08,00:00,23.33,23.92,23.27,23.51,113
2013.04.09,00:00,23.33,23.76,23.28,23.60,70
2013.04.10,00:00,23.71,24.23,23.69,24.12,68
2013.04.11,00:00,24.17,24.43,24.08,24.32,56
2013.04.12,00:00,24.37,24.37,23.91,24.12,68
2013.04.15,00:00,23.98,24.19,23.44,23.50,103
2013.04.16,00:00,23.65,24.05,23.57,23.99,63
2013.04.17,00:00,23.78,23.92,23.42,23.61,84
2013.04.18,00:00,22.66,22.83,22.19,22.23,86
2013.04.19,00:00,22.21,22.41,21.84,22.05,99
2013.04.22,00:00,21.94,22.02,21.53,21.73,78
2013.04.23,00:00,21.87,22.21,21.82,22.09,57
2013.04.24,00:00,22.31,22.45,22.16,22.29,57
2013.04.25,00:00,22.44,22.46,21.92,22.04,69
2013.04.26,00:00,22.05,22.25,21.84,22.11,77
2013.04.29,00:00,22.14,22.30,21.97,22.24,57
2013.04.30,00:00,22.17,22.37,21.94,22.05,75
2013.05.01,00:00,22.05,22.25,21.85,22.05,81
2013.05.02,00:00,22.06,22.60,21.90,22.54,93
2013.05.03,00:00,22.73,22.94,22.56,22.82,68
2013.05.06,00:00,22.75,23.07,22.63,22.77,87
2013.05.07,00:00,22.70,22.78,22.35,22.70,87
2013.05.08,00:00,22.73,23.14,22.63,23.13,63
2013.05.09,00:00,23.14,23.57,23.06,23.22,95
2013.05.10,00:00,23.31,23.49,23.24,23.42,40
2013.05.13,00:00,23.48,23.49,23.19,23.29,42
2013.05.14,00:00,23.21,23.74,23.21,23.68,60
2013.05.15,00:00,23.68,23.86,23.59,23.84,39
2013.05.16,00:00,23.91,23.95,23.45,23.49,59
2013.05.17,00:00,23.78,24.03,23.77,23.87,44
2013.05.20,00:00,23.80,23.85,23.47,23.55,52
2013.05.21,00:00,23.55,23.62,23.12,23.13,59
2013.05.22,00:00,23.28,23.49,22.78,22.90,105
2013.05.23,00:00,22.60,22.96,22.44,22.93,72
2013.05.24,00:00,22.64,23.00,22.55,23.00,55
2013.05.28,00:00,23.25,23.67,23.24,23.37,75
2013.05.29,00:00,23.21,23.32,22.95,23.17,71
2013.05.30,00:00,23.15,23.44,23.13,23.19,59
2013.05.31,00:00,23.02,23.11,22.72,22.77,54
2013.06.03,00:00,22.67,22.68,22.05,22.48,108
2013.06.04,00:00,22.62,22.62,21.98,22.13,80
2013.06.05,00:00,22.13,22.17,21.43,21.62,98
2013.06.06,00:00,21.53,21.74,21.39,21.68,56
2013.06.07,00:00,21.86,21.97,21.64,21.66,47
2013.06.10,00:00,21.80,22.47,21.72,22.41,90
2013.06.11,00:00,21.99,22.16,21.83,21.91,59
2013.06.12,00:00,22.03,22.04,21.35,21.36,72
2013.06.13,00:00,21.34,21.73,21.31,21.67,52
2013.06.14,00:00,21.68,21.79,21.49,21.59,52
2013.06.17,00:00,21.84,22.20,21.78,21.92,77
2013.06.18,00:00,21.97,22.25,21.93,22.12,50
2013.06.19,00:00,22.16,22.30,21.96,21.98,51
2013.06.20,00:00,21.80,21.81,21.25,21.36,69
2013.06.21,00:00,21.38,21.57,21.15,21.52,71
2013.06.24,00:00,21.39,21.61,21.08,21.39,107
2013.06.25,00:00,21.61,21.85,21.59,21.73,41
2013.06.26,00:00,21.90,21.93,21.46,21.60,65
2013.06.27,00:00,21.79,22.01,21.76,21.94,36
2013.06.28,00:00,21.71,22.07,21.56,21.77,97
2013.07.01,00:00,21.97,22.43,21.90,22.27,77
2013.07.02,00:00,22.32,22.57,22.28,22.45,46
2013.07.03,00:00,22.24,22.53,22.22,22.38,49
2013.07.05,00:00,22.63,22.68,22.31,22.66,72
2013.07.08,00:00,22.85,22.89,22.46,22.61,63
2013.07.09,00:00,22.78,22.99,22.74,22.93,36
2013.07.10,00:00,23.01,23.24,22.98,23.10,44
2013.07.11,00:00,23.30,23.63,23.29,23.52,47
2013.07.12,00:00,23.49,24.02,23.46,24.01,61
2013.07.15,00:00,24.00,24.03,23.64,23.76,55
2013.07.16,00:00,23.92,23.97,23.68,23.91,58
2013.07.17,00:00,23.93,24.20,23.86,24.15,47
2013.07.18,00:00,22.55,22.66,22.37,22.53,57
2013.07.19,00:00,22.62,22.69,21.94,21.96,85
2013.07.22,00:00,22.06,22.08,21.84,22.02,45
2013.07.23,00:00,22.05,22.08,21.68,21.73,49
2013.07.24,00:00,21.72,22.04,21.72,21.93,44
2013.07.25,00:00,21.89,21.98,21.60,21.68,56
2013.07.26,00:00,21.64,22.06,21.43,21.99,92
2013.07.29,00:00,21.93,22.11,21.68,21.73,67
2013.07.30,00:00,21.88,21.93,21.72,21.88,43
2013.07.31,00:00,21.96,21.96,21.63,21.76,47
2013.08.01,00:00,21.94,22.07,21.80,22.06,43
2013.08.02,00:00,22.08,22.20,21.94,22.11,50
2013.08.05,00:00,22.15,22.29,22.02,22.18,52
2013.08.06,00:00,22.18,22.64,22.07,22.60,73
2013.08.07,00:00,22.49,22.68,22.30,22.31,59
2013.08.08,00:00,22.53,22.61,22.24,22.55,73
2013.08.09,00:00,22.53,22.63,22.29,22.45,61
2013.08.12,00:00,22.20,22.50,22.10,22.42,59
2013.08.13,00:00,22.62,22.93,22.52,22.78,67
2013.08.14,00:00,22.79,22.95,22.72,22.82,44
2013.08.15,00:00,22.47,22.50,21.75,22.38,142
2013.08.16,00:00,22.34,22.57,22.18,22.27,72
2013.08.19,00:00,22.20,22.42,21.90,21.92,77
2013.08.20,00:00,22.01,22.15,21.79,21.88,60
2013.08.21,00:00,21.77,21.83,21.39,21.45,57
2013.08.22,00:00,21.55,21.73,21.47,21.50,48
2013.08.23,00:00,21.56,21.76,21.52,21.74,31
2013.08.26,00:00,21.75,21.94,21.55,21.87,67
2013.08.27,00:00,21.57,21.67,21.22,21.30,64
2013.08.28,00:00,21.36,21.47,21.22,21.22,37
2013.08.29,00:00,21.14,21.67,21.13,21.46,77
2013.08.30,00:00,21.50,21.51,20.88,21.04,81
2013.09.03,00:00,21.29,21.50,21.08,21.18,74
2013.09.04,00:00,21.36,21.74,21.22,21.65,76
2013.09.05,00:00,21.67,21.98,21.59,21.86,60
2013.09.06,00:00,22.11,22.41,22.00,22.24,70
2013.09.09,00:00,22.21,22.43,21.93,22.17,97
2013.09.10,00:00,22.33,22.53,22.29,22.51,31
2013.09.11,00:00,22.31,22.93,22.31,22.85,71
2013.09.12,00:00,22.92,22.98,22.52,22.74,75
2013.09.13,00:00,22.81,22.82,22.48,22.65,53
2013.09.16,00:00,22.93,23.00,22.49,22.58,68
2013.09.17,00:00,22.71,23.18,22.67,22.99,75
2013.09.18,00:00,22.86,23.04,22.63,23.01,68
2013.09.19,00:00,23.14,23.19,22.78,22.92,61
2013.09.20,00:00,22.98,23.25,22.95,23.13,46
2013.09.23,00:00,23.15,23.27,22.85,23.05,75
2013.09.24,00:00,23.15,23.35,23.00,23.22,64
2013.09.25,00:00,23.16,23.22,22.73,22.82,65
2013.09.26,00:00,22.99,23.95,22.93,23.84,120
2013.09.27,00:00,23.61,23.70,23.43,23.48,42
2013.09.30,00:00,23.26,23.60,23.15,23.48,69
2013.10.01,00:00,23.42,23.67,23.40,23.56,41
2013.10.02,00:00,23.39,23.45,23.19,23.41,51
2013.10.03,00:00,23.36,23.47,22.93,23.11,84
2013.10.04,00:00,23.17,23.49,23.07,23.39,63
2013.10.07,00:00,23.11,23.33,22.95,22.97,63
2013.10.08,00:00,22.94,22.98,22.15,22.29,102
2013.10.09,00:00,22.36,22.40,21.93,22.02,61
2013.10.10,00:00,22.26,22.54,22.13,22.48,61
2013.10.11,00:00,22.54,23.06,22.51,22.88,77
2013.10.14,00:00,22.77,23.06,22.67,23.05,51
2013.10.15,00:00,22.98,23.06,22.65,22.71,56
2013.10.16,00:00,22.91,22.91,22.37,22.53,71
2013.10.17,00:00,21.18,21.83,21.14,21.62,95
2013.10.18,00:00,21.71,22.17,21.24,21.97,161
2013.10.21,00:00,22.07,22.13,21.72,21.86,62
2013.10.22,00:00,22.02,22.04,21.70,21.81,48
2013.10.23,00:00,21.78,22.00,21.70,21.77,60
2013.10.24,00:00,21.92,22.10,21.82,22.03,46
2013.10.25,00:00,22.13,22.27,21.49,21.73,117
2013.10.28,00:00,21.80,22.00,21.66,21.87,62
2013.10.29,00:00,22.01,22.46,21.92,22.45,65
2013.10.30,00:00,22.52,22.52,22.10,22.19,52
2013.10.31,00:00,22.19,22.28,21.99,22.18,58
2013.11.01,00:00,22.28,22.30,21.82,21.86,55
2013.11.04,00:00,21.88,22.00,21.60,21.62,55
2013.11.05,00:00,21.58,21.61,21.26,21.50,63
2013.11.06,00:00,21.70,22.65,21.52,22.42,155
2013.11.07,00:00,22.52,22.66,22.02,22.13,90
2013.11.08,00:00,22.24,22.38,22.08,22.31,54
2013.11.11,00:00,22.15,22.34,22.10,22.23,41
2013.11.12,00:00,21.91,22.39,21.87,22.24,72
2013.11.13,00:00,22.14,22.32,22.08,22.32,31
2013.11.14,00:00,22.35,22.51,22.17,22.26,60
2013.11.15,00:00,22.32,22.36,22.02,22.14,51
2013.11.18,00:00,22.02,22.18,21.77,21.92,73
2013.11.19,00:00,22.07,22.10,21.86,21.94,36
2013.11.20,00:00,22.09,22.10,20.99,21.21,135
2013.11.21,00:00,21.37,21.38,21.01,21.13,51
2013.11.22,00:00,21.16,21.26,21.12,21.18,27
2013.11.25,00:00,21.35,21.36,20.40,20.64,122
2013.11.26,00:00,20.73,20.74,20.23,20.52,82
2013.11.27,00:00,20.75,20.98,20.69,20.75,59
2013.11.29,00:00,20.95,21.36,20.92,21.26,58
2013.12.02,00:00,21.97,22.34,21.56,21.61,121
2013.12.03,00:00,21.82,21.98,21.58,21.86,77
2013.12.04,00:00,21.59,21.69,21.26,21.50,78
2013.12.05,00:00,21.50,21.74,21.39,21.64,57
2013.12.06,00:00,21.77,22.06,21.76,21.89,49
2013.12.09,00:00,21.97,21.99,21.70,21.76,38
2013.12.10,00:00,21.73,22.01,21.73,21.85,45
2013.12.11,00:00,21.83,21.92,21.60,21.62,44
2013.12.12,00:00,21.57,21.87,21.54,21.62,62
2013.12.13,00:00,21.74,21.96,21.64,21.70,61
2013.12.16,00:00,21.99,22.43,21.89,22.35,73
2013.12.17,00:00,21.94,22.41,21.89,22.13,86
2013.12.18,00:00,22.24,22.38,21.70,22.36,125
2013.12.19,00:00,22.36,22.49,22.07,22.47,74
2013.12.20,00:00,22.48,23.06,22.46,22.97,72
2013.12.23,00:00,23.02,23.28,22.98,23.27,36
2013.12.24,00:00,23.04,23.25,23.04,23.22,25
2013.12.26,00:00,23.06,23.07,22.61,22.75,62
2013.12.27,00:00,22.73,22.93,22.62,22.80,56
2013.12.30,00:00,22.92,22.93,22.65,22.73,38
2013.12.31,00:00,22.75,23.14,22.72,23.09,51
2014.01.02,00:00,23.14,23.15,22.69,22.70,49
2014.01.03,00:00,22.77,22.81,22.39,22.42,50
2014.01.06,00:00,22.05,22.08,21.55,21.79,81
2014.01.07,00:00,22.05,22.32,21.88,22.25,69
2014.01.08,00:00,22.29,22.57,21.96,22.04,98
2014.01.09,00:00,22.20,22.23,21.81,21.92,57
2014.01.10,00:00,21.84,21.97,21.51,21.95,82
2014.01.13,00:00,21.94,22.27,21.80,22.11,78
2014.01.14,00:00,22.16,22.34,22.03,22.29,50
2014.01.15,00:00,22.40,22.79,22.35,22.64,65
2014.01.16,00:00,22.63,22.79,22.56,22.62,46
2014.01.17,00:00,22.48,22.70,22.30,22.39,72
2014.01.21,00:00,22.73,22.81,22.52,22.79,53
2014.01.22,00:00,22.66,22.94,22.63,22.90,39
2014.01.23,00:00,23.45,23.53,22.73,23.12,128
2014.01.24,00:00,22.96,23.13,22.67,22.88,85
2014.01.27,00:00,22.64,22.86,22.21,22.26,93
2014.01.28,00:00,22.34,22.57,22.25,22.37,62
2014.01.29,00:00,22.23,22.29,21.91,21.97,51
2014.01.30,00:00,22.14,22.45,22.07,22.38,53
2014.01.31,00:00,22.13,22.57,22.01,22.39,87
2014.02.03,00:00,22.37,22.45,21.93,22.05,73
2014.02.04,00:00,22.12,22.37,22.09,22.27,42
2014.02.05,00:00,22.01,22.74,21.90,22.53,117
2014.02.06,00:00,22.58,22.95,22.53,22.88,55
2014.02.07,00:00,22.92,23.04,22.66,22.97,72
2014.02.10,00:00,22.93,22.93,22.49,22.63,59
2014.02.11,00:00,22.75,22.91,22.50,22.86,72
2014.02.12,00:00,22.84,23.11,22.79,23.08,41
2014.02.13,00:00,22.93,23.13,22.77,23.11,55
2014.02.14,00:00,22.80,23.12,22.75,23.05,50
2014.02.18,00:00,23.09,23.37,22.94,23.21,75
2014.02.19,00:00,23.29,23.36,22.99,23.04,50
2014.02.20,00:00,23.04,23.28,23.03,23.13,42
2014.02.21,00:00,23.22,23.36,22.97,22.98,55
2014.02.24,00:00,23.19,23.88,23.10,23.70,106
2014.02.25,00:00,23.69,23.78,23.40,23.63,71
2014.02.26,00:00,23.67,24.33,23.64,24.13,93
2014.02.27,00:00,24.12,24.95,24.04,24.55,140
2014.02.28,00:00,24.60,25.13,24.56,24.74,101
2014.03.03,00:00,24.36,24.65,24.18,24.54,77
2014.03.04,00:00,24.82,24.95,24.73,24.86,41
2014.03.05,00:00,24.84,25.11,24.75,24.77,66
2014.03.06,00:00,24.83,25.11,24.77,24.96,56
2014.03.07,00:00,25.02,25.06,24.68,24.86,61
2014.03.10,00:00,24.66,24.79,24.42,24.50,59
2014.03.11,00:00,24.60,24.81,24.19,24.22,87
2014.03.12,00:00,24.07,24.44,23.98,24.40,60
2014.03.13,00:00,24.54,24.66,23.76,23.86,113
2014.03.14,00:00,23.85,24.12,23.74,23.88,74
2014.03.17,00:00,24.37,24.37,24.02,24.17,51
2014.03.18,00:00,24.26,24.44,24.10,24.34,61
2014.03.19,00:00,24.26,24.48,23.98,24.12,87
2014.03.20,00:00,24.07,24.14,23.84,24.04,58
2014.03.21,00:00,24.11,24.31,23.90,23.97,69
2014.03.24,00:00,23.99,24.20,23.65,23.80,92
2014.03.25,00:00,23.93,24.01,23.46,23.71,89
2014.03.26,00:00,23.91,23.92,23.35,23.40,64
2014.03.27,00:00,23.34,23.47,22.82,23.22,119
2014.03.28,00:00,23.34,23.42,23.04,23.23,66
2014.03.31,00:00,23.43,23.64,23.24,23.25,63
2014.04.01,00:00,23.40,23.65,23.31,23.59,50
2014.04.02,00:00,23.63,23.67,23.27,23.34,52
2014.04.03,00:00,23.16,23.25,22.85,22.97,62
2014.04.04,00:00,23.22,23.36,22.67,22.73,90
2014.04.07,00:00,22.74,22.78,22.25,22.29,62
2014.04.08,00:00,22.63,23.15,22.47,23.06,94
2014.04.09,00:00,23.11,23.55,23.09,23.52,52
2014.04.10,00:00,23.16,23.25,22.69,22.76,73
2014.04.11,00:00,22.68,22.93,22.45,22.50,79
2014.04.14,00:00,22.62,22.76,22.43,22.72,57
2014.04.15,00:00,22.67,22.83,22.27,22.69,111
2014.04.16,00:00,22.82,23.09,22.69,23.02,61
2014.04.17,00:00,22.93,23.22,22.93,23.14,38
2014.04.21,00:00,23.13,23.15,22.86,23.12,58
2014.04.22,00:00,23.10,23.41,22.96,23.35,66
2014.04.23,00:00,23.38,23.39,23.00,23.12,53
2014.04.24,00:00,23.35,23.40,22.92,23.08,70
2014.04.25,00:00,22.97,23.06,22.50,22.61,77
2014.04.28,00:00,22.78,22.78,22.29,22.58,79
2014.04.29,00:00,22.69,23.01,22.47,22.95,83
2014.04.30,00:00,21.86,22.05,21.41,21.81,124
2014.05.01,00:00,21.89,22.20,21.75,21.76,78
2014.05.02,00:00,21.77,22.11,21.76,21.89,59
2014.05.05,00:00,21.80,22.03,21.70,21.89,58
2014.05.06,00:00,21.92,21.92,21.42,21.44,53
2014.05.07,00:00,21.39,21.48,20.95,21.28,96
2014.05.08,00:00,21.31,21.55,21.05,21.16,86
2014.05.09,00:00,21.25,21.41,21.17,21.27,47
2014.05.12,00:00,21.43,21.62,21.34,21.60,40
2014.05.13,00:00,21.64,21.79,21.57,21.71,38
2014.05.14,00:00,21.80,21.92,21.71,21.74,37
2014.05.15,00:00,21.55,21.66,21.32,21.62,62
2014.05.16,00:00,21.74,22.09,21.46,21.86,115
2014.05.19,00:00,21.78,22.08,21.73,22.02,47
2014.05.20,00:00,21.97,21.98,21.73,21.87,41
2014.05.21,00:00,21.41,21.84,21.17,21.84,92
2014.05.22,00:00,21.88,21.91,21.54,21.68,55
2014.05.23,00:00,21.76,21.90,21.68,21.89,32
2014.05.27,00:00,22.02,22.02,21.76,21.79,30
2014.05.28,00:00,21.78,21.80,21.17,21.21,70
2014.05.29,00:00,21.31,21.38,21.03,21.10,50
2014.05.30,00:00,21.19,21.38,20.96,21.35,69
2014.06.02,00:00,21.33,21.44,21.18,21.25,45
2014.06.03,00:00,21.23,21.43,21.16,21.22,54
2014.06.04,00:00,21.21,21.36,21.01,21.23,69
2014.06.05,00:00,21.32,21.32,21.08,21.29,46
2014.06.06,00:00,21.41,21.41,20.83,20.92,68
2014.06.09,00:00,20.67,20.93,20.41,20.87,85
2014.06.10,00:00,20.48,20.54,20.27,20.31,38
2014.06.11,00:00,20.33,20.58,20.26,20.55,43
2014.06.12,00:00,20.57,20.67,20.41,20.44,40
2014.06.13,00:00,20.53,20.74,20.46,20.64,46
2014.06.16,00:00,20.59,20.69,20.51,20.62,34
2014.06.17,00:00,20.58,20.72,20.53,20.65,32
2014.06.18,00:00,20.70,20.93,20.56,20.90,55
2014.06.19,00:00,20.92,20.96,20.83,20.88,23
2014.06.20,00:00,20.93,20.94,20.60,20.77,53
2014.06.23,00:00,20.82,20.90,20.58,20.79,62
2014.06.24,00:00,20.79,20.83,20.52,20.56,40
2014.06.25,00:00,20.54,20.83,20.48,20.76,49
2014.06.26,00:00,20.83,20.91,20.64,20.82,54
2014.06.27,00:00,20.87,21.12,20.80,21.08,44
2014.06.30,00:00,21.12,21.12,20.96,21.07,28
2014.07.01,00:00,21.12,21.32,21.07,21.25,38
2014.07.02,00:00,21.26,21.38,21.25,21.28,25
2014.07.03,00:00,21.45,21.50,21.30,21.44,40
2014.07.07,00:00,21.44,21.46,21.30,21.36,25
2014.07.08,00:00,21.30,21.37,21.05,21.12,47
2014.07.09,00:00,21.17,21.44,21.05,21.44,52
2014.07.10,00:00,21.14,21.27,20.93,21.18,65
2014.07.11,00:00,21.46,21.81,21.46,21.68,49
2014.07.14,00:00,21.57,21.60,21.33,21.53,51
2014.07.15,00:00,21.65,21.67,21.27,21.39,55
2014.07.16,00:00,21.48,21.54,21.25,21.34,45
2014.07.17,00:00,21.51,21.82,21.39,21.48,84
2014.07.18,00:00,21.44,21.73,21.29,21.67,66
2014.07.21,00:00,21.58,21.83,21.48,21.76,53
2014.07.22,00:00,21.83,22.01,21.76,21.91,43
2014.07.23,00:00,21.89,22.19,21.83,22.16,46
2014.07.24,00:00,22.10,22.52,22.10,22.40,55
2014.07.25,00:00,22.21,22.35,22.11,22.20,48
2014.07.28,00:00,22.27,22.34,21.98,22.28,72
2014.07.29,00:00,22.35,22.47,22.20,22.39,51
2014.07.30,00:00,22.42,22.55,22.21,22.40,67
2014.07.31,00:00,22.28,22.33,22.16,22.24,31
2014.08.01,00:00,22.21,22.27,21.94,22.11,57
2014.08.04,00:00,22.06,22.36,21.99,22.33,48
2014.08.05,00:00,22.31,22.44,22.23,22.42,32
2014.08.06,00:00,22.29,22.60,22.22,22.50,56
2014.08.07,00:00,22.59,22.83,22.48,22.54,66
2014.08.08,00:00,22.55,22.80,22.37,22.77,65
2014.08.11,00:00,22.82,22.91,22.61,22.68,47
2014.08.12,00:00,22.67,22.70,22.38,22.49,47
2014.08.13,00:00,22.21,22.37,22.10,22.28,48
2014.08.14,00:00,22.26,22.37,22.22,22.28,29
2014.08.15,00:00,22.47,22.47,22.13,22.16,38
2014.08.18,00:00,22.33,22.38,22.23,22.35,29
2014.08.19,00:00,22.42,22.63,22.37,22.62,33
2014.08.20,00:00,22.52,22.59,22.42,22.47,30
2014.08.21,00:00,22.53,24.01,22.52,23.52,200
2014.08.22,00:00,23.44,23.56,23.24,23.36,57
2014.08.25,00:00,23.41,23.62,23.31,23.35,57
2014.08.26,00:00,23.36,23.78,23.32,23.67,62
2014.08.27,00:00,23.69,23.87,23.48,23.54,64
2014.08.28,00:00,23.51,23.51,23.16,23.33,53
2014.08.29,00:00,23.47,23.47,23.12,23.36,60
2014.09.02,00:00,23.35,23.40,23.02,23.10,52
2014.09.03,00:00,23.21,23.28,22.87,22.96,58
2014.09.04,00:00,23.06,23.34,22.72,22.91,110
2014.09.05,00:00,22.85,22.90,22.43,22.69,79
2014.09.08,00:00,22.63,22.85,22.50,22.82,52
2014.09.09,00:00,22.88,23.15,22.07,22.19,148
2014.09.10,00:00,21.67,21.70,21.27,21.51,71
2014.09.11,00:00,21.37,21.58,21.26,21.33,61
2014.09.12,00:00,21.30,22.34,21.06,21.97,190
2014.09.15,00:00,21.98,22.01,21.36,21.45,78
2014.09.16,00:00,21.45,21.84,21.28,21.72,86
2014.09.17,00:00,21.77,21.94,21.63,21.86,54
2014.09.18,00:00,21.89,22.19,21.79,22.18,52
2014.09.19,00:00,22.25,22.33,22.02,22.05,43
2014.09.22,00:00,22.00,22.10,21.82,22.08,49
2014.09.23,00:00,22.01,22.32,21.96,22.20,54
2014.09.24,00:00,22.22,22.38,22.15,22.28,41
2014.09.25,00:00,22.20,22.28,21.89,21.95,54
2014.09.26,00:00,21.89,22.37,21.86,22.28,64
2014.09.29,00:00,22.10,22.31,22.01,22.16,55
2014.09.30,00:00,23.83,24.12,23.55,23.83,115
2014.10.01,00:00,23.21,23.60,23.14,23.34,80
2014.10.02,00:00,23.25,23.41,22.88,23.09,91
2014.10.03,00:00,23.17,23.23,22.79,22.91,63
2014.10.06,00:00,22.93,22.96,22.51,22.54,52
2014.10.07,00:00,22.40,22.59,22.28,22.29,52
2014.10.08,00:00,22.42,23.01,22.40,22.94,71
2014.10.09,00:00,22.80,22.82,22.22,22.25,66
2014.10.10,00:00,22.22,22.24,21.81,21.83,48
2014.10.13,00:00,21.70,21.86,21.20,21.24,87
2014.10.14,00:00,21.44,21.68,21.20,21.29,82
2014.10.15,00:00,21.07,21.18,20.59,21.14,112
2014.10.16,00:00,20.41,20.49,19.50,20.15,173
2014.10.17,00:00,20.30,20.45,20.17,20.18,45
2014.10.20,00:00,20.22,20.77,20.16,20.71,74
2014.10.21,00:00,20.90,21.45,20.84,21.41,72
2014.10.22,00:00,21.55,21.72,21.03,21.10,94
2014.10.23,00:00,21.30,21.49,21.20,21.38,51
2014.10.24,00:00,21.38,21.58,21.28,21.52,47
2014.10.27,00:00,21.51,21.67,21.45,21.54,42
2014.10.28,00:00,21.61,21.61,21.46,21.55,25
2014.10.29,00:00,21.38,21.64,21.36,21.60,35
2014.10.30,00:00,21.49,21.89,21.43,21.70,72
2014.10.31,00:00,22.17,22.19,21.88,22.10,56
2014.11.03,00:00,22.02,22.29,22.01,22.18,41
2014.11.04,00:00,22.12,22.45,22.04,22.42,53
2014.11.05,00:00,22.50,22.62,22.44,22.55,32
2014.11.06,00:00,22.57,22.58,22.30,22.42,42
2014.11.07,00:00,22.45,22.61,22.35,22.52,46
2014.11.10,00:00,22.50,22.70,22.42,22.68,39
2014.11.11,00:00,22.80,22.88,22.51,22.81,74
2014.11.12,00:00,22.65,22.87,22.43,22.75,79
2014.11.13,00:00,22.75,22.99,22.70,22.88,46
2014.11.14,00:00,22.84,22.98,22.75,22.88,43
2014.11.17,00:00,22.88,23.19,22.88,23.07,44
2014.11.18,00:00,23.07,23.43,23.02,23.31,59
2014.11.19,00:00,23.29,23.29,22.84,23.12,74
2014.11.20,00:00,22.94,23.03,22.86,22.95,34
2014.11.21,00:00,23.04,23.09,22.82,22.90,41
2014.11.24,00:00,23.01,23.02,22.82,22.89,29
2014.11.25,00:00,22.82,23.02,22.82,22.90,33
2014.11.26,00:00,22.96,23.01,22.85,22.97,32
2014.11.28,00:00,23.11,23.23,22.97,23.10,52
2014.12.01,00:00,23.05,23.20,22.90,23.09,57
2014.12.02,00:00,23.09,23.32,22.96,23.16,66
2014.12.03,00:00,23.16,23.16,22.94,23.07,36
2014.12.04,00:00,22.99,23.04,22.92,23.01,23
2014.12.05,00:00,23.10,23.10,22.94,23.07,30
2014.12.08,00:00,23.30,23.42,23.05,23.21,66
2014.12.09,00:00,22.98,23.36,22.96,23.32,47
2014.12.10,00:00,23.16,23.40,23.11,23.26,49
2014.12.11,00:00,23.32,24.26,23.28,23.90,139
2014.12.12,00:00,23.64,23.90,23.47,23.47,70
2014.12.15,00:00,23.51,23.86,23.25,23.33,105
2014.12.16,00:00,23.31,23.89,23.21,23.54,114
2014.12.17,00:00,23.55,23.77,23.43,23.74,50
2014.12.18,00:00,23.99,24.21,23.94,24.21,33
2014.12.19,00:00,24.20,24.28,23.97,24.05,48
2014.12.22,00:00,24.19,24.39,24.01,24.13,71
2014.12.23,00:00,24.30,24.30,24.08,24.08,23
2014.12.24,00:00,24.17,24.18,24.03,24.03,17
2014.12.26,00:00,24.13,24.13,23.96,24.01,23
2014.12.29,00:00,24.05,24.18,23.91,24.00,50
2014.12.30,00:00,23.93,24.20,23.92,24.08,42
2014.12.31,00:00,24.02,24.10,23.60,23.62,61
2015.01.02,00:00,23.73,23.92,23.46,23.66,86
2015.01.05,00:00,23.51,23.67,23.27,23.46,76
2015.01.06,00:00,23.49,23.49,23.02,23.16,62
2015.01.07,00:00,23.22,23.35,22.91,23.12,79
2015.01.08,00:00,23.28,23.75,23.27,23.74,51
2015.01.09,00:00,23.70,23.75,23.36,23.41,50
2015.01.12,00:00,23.43,23.51,23.14,23.23,55
2015.01.13,00:00,23.49,23.74,23.11,23.20,98
2015.01.14,00:00,22.88,23.03,22.52,22.74,89
2015.01.15,00:00,22.80,22.86,22.29,22.31,66
2015.01.16,00:00,22.28,22.71,22.21,22.58,71
2015.01.20,00:00,22.69,22.76,22.27,22.59,89
2015.01.21,00:00,22.48,22.72,22.37,22.47,70
2015.01.22,00:00,23.22,24.09,23.14,24.05,108
2015.01.23,00:00,23.99,24.11,23.70,23.89,73
2015.01.26,00:00,23.72,23.96,23.50,23.59,80
2015.01.27,00:00,23.37,23.47,23.01,23.02,58
2015.01.28,00:00,23.17,23.27,22.64,22.66,76
2015.01.29,00:00,22.62,22.75,22.45,22.71,52
2015.01.30,00:00,22.66,22.75,22.29,22.31,58
2015.02.02,00:00,22.35,22.69,22.11,22.61,91
2015.02.03,00:00,22.69,22.94,22.68,22.83,39
2015.02.04,00:00,22.77,22.89,22.52,22.61,59
2015.02.05,00:00,22.66,22.94,22.61,22.85,48
2015.02.06,00:00,22.81,23.11,22.75,22.94,60
2015.02.09,00:00,22.73,23.08,22.73,22.87,57
2015.02.10,00:00,22.91,23.39,22.68,23.26,108
2015.02.11,00:00,23.33,23.34,23.00,23.21,57
2015.02.12,00:00,23.42,23.42,23.02,23.04,43
2015.02.13,00:00,23.16,23.82,23.15,23.77,74
2015.02.17,00:00,23.64,23.76,23.49,23.74,45
2015.02.18,00:00,23.73,23.99,23.70,23.95,37
2015.02.19,00:00,23.98,24.28,23.75,24.26,79
2015.02.20,00:00,24.27,24.43,24.10,24.42,52
2015.02.23,00:00,24.34,24.66,24.30,24.44,63
2015.02.24,00:00,24.44,24.64,24.36,24.58,43
2015.02.25,00:00,24.64,24.66,24.40,24.56,45
2015.02.26,00:00,24.51,24.77,24.50,24.64,42
2015.02.27,00:00,24.70,24.71,24.30,24.37,50
2015.03.02,00:00,24.22,24.69,24.22,24.57,60
2015.03.03,00:00,24.56,24.68,24.42,24.52,49
2015.03.04,00:00,24.35,24.75,24.25,24.54,82
2015.03.05,00:00,24.53,24.95,24.53,24.87,51
2015.03.06,00:00,24.87,25.45,24.84,25.20,90
2015.03.09,00:00,25.20,25.64,25.14,25.59,62
2015.03.10,00:00,25.27,25.46,24.86,24.92,86
2015.03.11,00:00,24.97,25.34,24.97,25.12,60
2015.03.12,00:00,25.28,25.32,24.87,25.00,63
2015.03.13,00:00,25.27,25.27,24.67,24.86,80
2015.03.16,00:00,25.05,25.24,24.88,25.07,71
2015.03.17,00:00,25.06,25.21,24.77,25.04,87
2015.03.18,00:00,24.98,24.98,24.28,24.59,102
2015.03.19,00:00,23.91,24.55,23.86,24.36,94
2015.03.20,00:00,24.50,24.66,24.38,24.38,45
2015.03.23,00:00,24.38,24.92,24.38,24.67,80
2015.03.24,00:00,24.55,25.26,24.54,25.05,95
2015.03.25,00:00,25.09,25.09,24.42,24.44,70
2015.03.26,00:00,24.23,24.48,24.10,24.21,75
2015.03.27,00:00,24.14,24.39,24.12,24.26,43
2015.03.30,00:00,24.31,24.58,24.30,24.38,50
2015.03.31,00:00,24.28,24.58,24.27,24.28,63
2015.04.01,00:00,24.13,24.30,23.91,24.04,70
2015.04.02,00:00,24.01,24.09,23.89,23.95,35
2015.04.06,00:00,23.36,24.06,23.34,23.91,90
2015.04.07,00:00,24.03,24.37,23.92,24.02,90
2015.04.08,00:00,24.07,24.25,23.83,24.04,82
2015.04.09,00:00,24.04,24.18,23.78,23.99,76
2015.04.10,00:00,24.17,24.28,24.02,24.13,49
2015.04.13,00:00,24.06,24.51,23.90,23.96,113
2015.04.14,00:00,23.90,24.03,23.72,23.97,56
2015.04.15,00:00,23.98,24.12,23.85,24.00,53
2015.04.16,00:00,23.99,24.15,23.84,24.00,62
2015.04.17,00:00,23.71,23.78,23.32,23.48,70
2015.04.20,00:00,23.57,23.76,23.32,23.60,86
2015.04.21,00:00,23.78,23.85,23.58,23.74,51
2015.04.22,00:00,23.73,23.97,23.66,23.88,48
2015.04.23,00:00,25.00,25.19,24.62,24.79,94
2015.04.24,00:00,24.87,25.24,24.79,24.92,86
2015.04.27,00:00,24.85,24.95,24.71,24.87,47
2015.04.28,00:00,24.82,25.31,24.73,25.03,96
2015.04.29,00:00,24.88,25.10,24.66,24.78,79
2015.04.30,00:00,24.65,24.83,24.38,24.52,78
2015.05.01,00:00,24.52,24.97,24.42,24.96,67
2015.05.04,00:00,24.89,25.03,24.78,24.88,50
2015.05.05,00:00,24.74,24.84,24.36,24.38,61
2015.05.06,00:00,24.33,24.46,23.96,24.20,88
2015.05.07,00:00,24.20,24.50,24.12,24.39,58
2015.05.08,00:00,24.68,24.82,24.61,24.76,35
2015.05.11,00:00,24.77,24.91,24.49,24.55,63
2015.05.12,00:00,24.34,24.66,24.23,24.54,67
2015.05.13,00:00,24.64,25.00,24.43,24.75,104
2015.05.14,00:00,24.93,25.30,24.81,25.29,63
2015.05.15,00:00,25.32,25.60,24.99,25.00,91
2015.05.18,00:00,24.92,25.11,24.90,25.03,32
2015.05.19,00:00,25.11,25.14,24.92,24.94,28
2015.05.20,00:00,25.03,25.08,24.67,24.89,69
2015.05.21,00:00,24.83,25.23,24.83,25.14,50
2015.05.22,00:00,25.14,25.32,25.03,25.13,58
2015.05.26,00:00,25.27,25.27,24.64,24.72,72
2015.05.27,00:00,24.77,25.10,24.67,24.99,65
2015.05.28,00:00,24.93,25.64,24.81,25.49,111
2015.05.29,00:00,25.53,25.94,25.40,25.83,79
2015.06.01,00:00,25.91,26.53,25.91,26.33,83
2015.06.02,00:00,26.14,26.53,26.06,26.09,90
2015.06.03,00:00,26.25,26.30,25.89,26.10,68
2015.06.04,00:00,26.00,26.33,25.98,26.30,41
2015.06.05,00:00,26.30,26.64,26.16,26.61,66
2015.06.08,00:00,26.31,26.31,25.44,25.61,105
2015.06.09,00:00,25.56,25.61,25.14,25.43,82
2015.06.10,00:00,25.49,25.65,25.34,25.45,59
2015.06.11,00:00,25.55,25.67,25.31,25.44,62
2015.06.12,00:00,25.39,25.54,25.24,25.26,48
2015.06.15,00:00,25.10,25.33,24.94,25.25,64
2015.06.16,00:00,25.21,26.04,25.16,25.47,151
2015.06.17,00:00,25.46,25.71,25.35,25.48,71
2015.06.18,00:00,25.53,25.72,25.52,25.54,40
2015.06.19,00:00,25.59,25.87,25.53,25.75,53
2015.06.22,00:00,25.92,26.05,25.79,25.99,46
2015.06.23,00:00,25.99,26.09,25.86,26.07,39
2015.06.24,00:00,26.14,26.26,25.89,25.93,54
2015.06.25,00:00,25.96,26.09,25.88,25.92,39
2015.06.26,00:00,25.93,25.97,25.55,25.69,61
2015.06.29,00:00,25.53,25.60,24.88,24.99,91
2015.06.30,00:00,25.27,25.51,25.00,25.35,95
2015.07.01,00:00,25.67,25.67,25.18,25.43,75
2015.07.02,00:00,25.69,26.19,25.43,26.03,119
2015.07.06,00:00,25.87,26.25,25.75,25.99,89
2015.07.07,00:00,26.38,26.38,25.72,26.09,104
2015.07.08,00:00,25.89,25.98,25.62,25.67,51
2015.07.09,00:00,26.06,26.23,25.91,26.00,59
2015.07.10,00:00,26.24,26.30,25.87,26.25,86
2015.07.13,00:00,26.27,26.83,26.25,26.71,73
2015.07.14,00:00,26.68,27.06,26.67,26.76,71
2015.07.15,00:00,26.82,27.02,26.61,26.70,71
2015.07.16,00:00,27.48,28.08,27.36,27.61,1100
2015.07.17,00:00,27.79,28.08,27.29,27.90,112
2015.07.20,00:00,26.89,29.35,26.59,28.57,575
2015.07.21,00:00,28.15,28.99,27.98,28.60,285
2015.07.22,00:00,28.23,28.81,28.20,28.45,233
2015.07.23,00:00,28.25,28.60,28.12,28.43,207
2015.07.24,00:00,28.83,28.85,28.23,28.25,195
2015.07.27,00:00,28.02,28.20,27.82,28.00,159
2015.07.28,00:00,28.07,28.37,27.88,28.33,219
2015.07.29,00:00,28.39,28.87,28.25,28.75,197
2015.07.30,00:00,28.63,28.70,28.09,28.37,213
2015.07.31,00:00,28.47,28.54,28.16,28.18,141
2015.08.03,00:00,28.09,28.35,27.84,28.33,199
2015.08.04,00:00,28.16,28.43,28.03,28.41,174
2015.08.05,00:00,28.43,28.72,28.43,28.56,182
2015.08.06,00:00,28.58,28.63,28.10,28.16,164
2015.08.07,00:00,28.19,28.43,28.09,28.43,186
2015.08.10,00:00,28.61,28.94,28.60,28.66,175
2015.08.11,00:00,28.30,28.62,28.07,28.14,187
2015.08.12,00:00,27.52,28.04,27.31,28.01,240
2015.08.13,00:00,27.98,28.15,27.73,27.99,175
2015.08.14,00:00,27.94,28.24,27.80,28.23,153
2015.08.17,00:00,28.12,28.32,27.78,28.29,214
2015.08.18,00:00,28.43,28.46,27.66,27.77,193
2015.08.19,00:00,27.46,27.73,27.30,27.43,259
2015.08.20,00:00,27.21,27.30,26.49,26.52,227
2015.08.21,00:00,26.33,26.64,25.87,25.93,297
2015.08.24,00:00,23.87,25.75,23.23,24.93,801
2015.08.25,00:00,25.37,25.85,25.23,25.23,388
2015.08.26,00:00,25.91,26.19,25.19,26.17,395
2015.08.27,00:00,26.51,27.19,26.44,27.10,338
2015.08.28,00:00,26.98,27.15,26.81,27.09,179
2015.08.31,00:00,27.08,27.26,27.00,27.11,174
2015.09.01,00:00,26.54,27.09,26.30,26.48,335
2015.09.02,00:00,26.86,26.92,26.41,26.87,250
2015.09.03,00:00,27.36,27.60,26.93,27.04,237
2015.09.04,00:00,26.57,26.75,26.29,26.45,166
2015.09.08,00:00,26.69,26.75,26.21,26.36,172
2015.09.09,00:00,26.91,26.91,26.15,26.20,224
2015.09.10,00:00,25.77,26.24,25.77,26.15,225
2015.09.11,00:00,26.12,26.28,25.91,26.25,178
2015.09.14,00:00,26.22,26.22,25.66,25.75,170
2015.09.15,00:00,25.80,26.07,25.41,25.98,191
2015.09.16,00:00,26.00,26.75,25.91,26.74,220
2015.09.17,00:00,26.70,26.77,26.20,26.27,270
2015.09.18,00:00,25.97,26.20,25.33,26.01,326
2015.09.21,00:00,26.26,26.50,25.69,25.92,245
2015.09.22,00:00,25.70,25.80,25.40,25.61,205
2015.09.23,00:00,25.62,25.76,25.46,25.59,218
2015.09.24,00:00,25.28,25.68,25.09,25.61,263
2015.09.25,00:00,25.76,25.81,25.32,25.42,258
2015.09.28,00:00,25.15,25.22,24.10,24.14,258
2015.09.29,00:00,24.20,24.38,23.76,24.08,321
2015.09.30,00:00,24.32,24.50,24.03,24.44,208
2015.10.01,00:00,24.50,25.01,24.44,24.91,281
2015.10.02,00:00,24.51,25.34,24.31,25.22,272
2015.10.05,00:00,25.59,25.88,25.51,25.74,178
2015.10.06,00:00,25.68,25.84,25.58,25.68,176
2015.10.07,00:00,25.91,25.93,25.49,25.68,223
2015.10.08,00:00,24.94,25.08,23.62,24.15,527
2015.10.09,00:00,24.21,24.42,24.05,24.25,198
2015.10.12,00:00,24.04,24.62,23.98,24.56,225
2015.10.13,00:00,24.53,24.90,24.41,24.62,186
2015.10.14,00:00,24.79,24.80,23.93,24.00,215
2015.10.15,00:00,24.15,24.54,23.96,24.51,235
2015.10.16,00:00,24.46,24.72,24.40,24.48,114
2015.10.19,00:00,24.54,24.57,24.26,24.56,166
2015.10.20,00:00,24.56,24.68,24.25,24.42,219
2015.10.21,00:00,24.56,24.70,24.18,24.21,307
2015.10.22,00:00,26.50,27.66,26.26,27.58,616
2015.10.23,00:00,27.73,28.57,27.32,28.29,359
2015.10.26,00:00,27.74,28.23,27.69,28.17,214
2015.10.27,00:00,28.21,28.44,28.06,28.37,195
2015.10.28,00:00,28.47,28.47,27.97,28.25,202
2015.10.29,00:00,28.21,28.32,28.02,28.18,137
2015.10.30,00:00,28.24,28.30,27.81,27.90,160
2015.11.02,00:00,27.73,28.52,27.72,28.50,178
2015.11.03,00:00,28.41,29.29,28.37,28.90,207
2015.11.04,00:00,28.90,29.38,28.88,29.30,207
2015.11.05,00:00,28.92,29.58,28.92,29.30,258
2015.11.06,00:00,29.03,29.69,28.97,29.40,267
2015.11.09,00:00,29.38,29.38,28.82,29.18,244
2015.11.10,00:00,29.18,29.30,28.85,29.14,274
2015.11.11,00:00,29.10,29.33,28.88,28.95,224
2015.11.12,00:00,28.67,28.92,28.53,28.56,239
2015.11.13,00:00,28.55,29.04,28.14,28.19,312
2015.11.16,00:00,28.29,28.50,27.96,28.48,236
2015.11.17,00:00,28.50,28.72,28.33,28.45,257
2015.11.18,00:00,28.62,28.78,28.19,28.75,232
2015.11.19,00:00,28.56,28.90,28.56,28.77,165
2015.11.20,00:00,28.99,29.16,28.66,29.06,194
2015.11.23,00:00,28.92,29.13,28.64,28.84,183
2015.11.24,00:00,28.42,29.18,28.42,29.00,243
2015.11.25,00:00,28.78,29.04,28.71,29.00,168
2015.11.27,00:00,29.09,29.22,28.79,29.10,128
2015.11.30,00:00,29.09,29.63,29.04,29.59,228
2015.12.01,00:00,29.75,29.83,29.02,29.05,221
2015.12.02,00:00,29.16,29.41,28.79,28.97,219
2015.12.03,00:00,29.00,29.00,28.12,28.59,298
2015.12.04,00:00,28.72,29.59,28.59,29.35,300
2015.12.07,00:00,29.29,29.37,28.82,29.05,208
2015.12.08,00:00,28.93,29.10,28.50,28.79,221
2015.12.09,00:00,28.42,28.85,28.14,28.34,252
2015.12.10,00:00,28.28,28.90,28.23,28.57,211
2015.12.11,00:00,28.19,28.43,27.87,27.97,243
2015.12.14,00:00,28.10,28.42,27.85,28.04,1882
2015.12.15,00:00,28.23,28.60,28.22,28.31,1609
2015.12.16,00:00,28.52,28.66,28.26,28.57,1926
2015.12.17,00:00,28.65,28.75,28.03,28.05,1709
2015.12.18,00:00,27.84,28.07,27.45,27.46,1796
2015.12.21,00:00,27.62,27.71,27.26,27.59,1630
2015.12.22,00:00,27.62,28.07,27.42,27.89,1544
2015.12.23,00:00,28.00,28.04,27.65,27.78,1375
2015.12.24,00:00,27.91,27.94,27.60,27.66,793
2015.12.28,00:00,27.52,27.69,27.32,27.64,1260
2015.12.29,00:00,27.73,28.00,27.70,27.91,1235
2015.12.30,00:00,27.73,27.99,27.71,27.75,1096
2015.12.31,00:00,27.63,27.69,27.45,27.48,1368
2016.01.04,00:00,27.11,27.25,26.08,26.43,2224
2016.01.05,00:00,26.61,26.86,25.94,26.12,1831
2016.01.06,00:00,25.83,26.66,25.77,26.41,2043
2016.01.07,00:00,25.80,26.47,25.60,25.69,2307
2016.01.08,00:00,25.97,26.16,25.67,25.75,2116
2016.01.11,00:00,25.86,26.03,25.74,25.93,2122
2016.01.12,00:00,25.93,26.34,25.81,26.12,3132
2016.01.13,00:00,26.13,26.40,25.21,25.36,4608
2016.01.14,00:00,25.41,26.09,24.90,25.85,4946
2016.01.15,00:00,25.00,25.42,24.75,25.26,4192
2016.01.19,00:00,25.50,25.90,25.35,25.82,3453
2016.01.20,00:00,25.25,26.12,25.09,25.87,5581
2016.01.21,00:00,25.73,26.24,25.32,26.10,4666
2016.01.22,00:00,26.54,26.73,26.11,26.40,2012
2016.01.25,00:00,26.27,26.54,26.11,26.16,2391
2016.01.26,00:00,26.20,26.62,26.20,26.60,2490
2016.01.27,00:00,26.65,27.06,26.09,26.33,3198
2016.01.28,00:00,23.47,24.12,22.40,22.96,4722
2016.01.29,00:00,23.19,23.47,22.95,23.44,1525
2016.02.01,00:00,23.31,24.22,23.28,23.96,2481
2016.02.02,00:00,23.66,23.75,23.20,23.33,2135
2016.02.03,00:00,23.47,23.72,22.90,23.46,4617
2016.02.04,00:00,23.48,23.61,23.09,23.47,3215
2016.02.05,00:00,23.33,23.51,23.06,23.18,2439
2016.02.08,00:00,22.84,22.84,21.51,22.53,3742
2016.02.09,00:00,22.09,22.99,21.91,22.01,4597
2016.02.10,00:00,22.29,22.71,22.08,22.34,3274
2016.02.11,00:00,21.90,22.43,21.64,22.10,4361
2016.02.12,00:00,22.33,22.61,22.23,22.50,2030
2016.02.16,00:00,22.49,22.99,22.26,22.93,1994
2016.02.17,00:00,23.01,23.27,22.90,23.23,1750
2016.02.18,00:00,23.12,23.66,23.07,23.55,1743
2016.02.19,00:00,23.42,23.84,23.35,23.80,1306
2016.02.22,00:00,23.86,24.28,23.86,24.23,1016
2016.02.23,00:00,24.07,24.19,23.63,23.64,1536
2016.02.24,00:00,23.40,24.01,23.28,23.92,1932
2016.02.25,00:00,24.00,24.18,23.89,24.15,1468
2016.02.26,00:00,24.27,24.53,24.13,24.21,1429
2016.02.29,00:00,24.09,24.35,23.77,23.85,1541
2016.03.01,00:00,23.98,24.22,23.61,24.16,1267
2016.03.02,00:00,24.07,24.17,23.66,23.71,1620
2016.03.03,00:00,23.62,23.98,23.57,23.96,1168
2016.03.04,00:00,23.99,24.61,23.92,24.45,1657
2016.03.07,00:00,24.28,24.39,24.06,24.20,1372
2016.03.08,00:00,24.05,24.38,23.70,24.06,2380
2016.03.09,00:00,24.35,24.48,23.70,23.94,2194
2016.03.10,00:00,24.01,24.03,22.97,23.58,3374
2016.03.11,00:00,24.00,24.08,23.90,24.02,789
2016.03.14,00:00,23.96,24.34,23.89,24.28,1108
2016.03.15,00:00,24.02,24.12,23.54,23.56,898
2016.03.16,00:00,23.40,23.78,22.87,23.69,2516
2016.03.17,00:00,23.74,23.92,23.33,23.77,1061
2016.03.18,00:00,23.85,23.96,23.18,23.78,1791
2016.03.21,00:00,23.76,24.47,23.74,24.29,1199
2016.03.22,00:00,24.13,24.32,24.10,24.12,752
2016.03.23,00:00,24.04,24.27,23.95,24.16,943
2016.03.24,00:00,24.05,24.36,23.99,24.35,1320
2016.03.28,00:00,24.20,24.33,24.07,24.11,1209
2016.03.29,00:00,23.67,24.09,23.36,24.06,1173
2016.03.30,00:00,24.06,24.57,24.00,24.08,1405
2016.03.31,00:00,24.01,24.13,23.80,23.90,1113
2016.04.01,00:00,24.30,24.30,23.66,23.84,1715
2016.04.04,00:00,23.43,24.17,23.43,24.01,1472
2016.04.05,00:00,23.96,24.66,23.90,24.40,2227
2016.04.06,00:00,24.44,25.50,24.35,25.41,2464
2016.04.07,00:00,24.72,24.89,23.96,24.07,2179
2016.04.08,00:00,24.21,24.34,23.87,24.02,1454
2016.04.11,00:00,24.14,24.43,24.06,24.08,1788
2016.04.12,00:00,24.09,24.54,24.03,24.42,1547
2016.04.13,00:00,24.58,25.60,24.56,25.04,2147
2016.04.14,00:00,25.09,25.31,24.96,25.19,1502
2016.04.15,00:00,25.22,25.28,25.00,25.18,729
2016.04.18,00:00,25.02,25.46,24.97,25.28,1601
2016.04.19,00:00,24.54,24.87,24.08,24.30,2210
2016.04.20,00:00,24.32,24.85,24.26,24.69,1238
2016.04.21,00:00,24.60,24.86,24.58,24.69,967
2016.04.22,00:00,24.65,24.96,24.37,24.48,1640
2016.04.25,00:00,24.40,24.52,24.15,24.20,1251
2016.04.26,00:00,24.21,24.71,24.19,24.51,1500
2016.04.27,00:00,25.35,26.20,25.19,25.23,3490
2016.04.28,00:00,25.13,25.34,24.56,24.58,1540
2016.04.29,00:00,24.28,24.57,24.05,24.38,3476
2016.05.02,00:00,24.25,24.38,24.06,24.28,1556
2016.05.03,00:00,24.06,24.24,23.88,23.96,1219
2016.05.04,00:00,23.85,24.03,23.72,23.82,1265
2016.05.05,00:00,23.91,23.99,23.76,23.78,1001
2016.05.06,00:00,23.65,23.83,23.53,23.78,1034
2016.05.09,00:00,23.74,24.13,23.72,24.02,894
2016.05.10,00:00,24.01,24.21,23.95,24.16,729
2016.05.11,00:00,24.11,24.17,23.75,23.77,722
2016.05.12,00:00,23.82,23.90,23.50,23.58,708
2016.05.13,00:00,23.66,23.92,23.60,23.77,791
2016.05.16,00:00,23.62,23.87,23.59,23.80,743
2016.05.17,00:00,23.73,23.75,23.18,23.27,849
2016.05.18,00:00,23.25,23.84,23.20,23.67,1164
2016.05.19,00:00,23.58,23.67,23.25,23.43,878
2016.05.20,00:00,23.47,23.75,23.39,23.65,617
2016.05.23,00:00,23.51,23.81,23.46,23.46,601
2016.05.24,00:00,23.62,24.17,23.62,24.08,724
2016.05.25,00:00,23.91,24.19,23.86,24.03,508
2016.05.26,00:00,23.97,24.12,23.92,24.12,369
2016.05.27,00:00,24.05,24.39,24.03,24.33,621
2016.05.31,00:00,24.23,24.61,24.23,24.46,415
2016.06.01,00:00,24.33,24.43,24.06,24.07,546
2016.06.02,00:00,24.10,24.26,23.88,24.22,725
2016.06.03,00:00,24.14,24.15,23.74,24.00,752
2016.06.06,00:00,23.91,24.09,23.87,23.99,532
2016.06.07,00:00,24.15,24.35,24.11,24.29,678
2016.06.08,00:00,24.15,24.30,24.11,24.23,406
2016.06.09,00:00,24.19,24.37,24.07,24.32,475
2016.06.10,00:00,24.16,24.25,23.91,24.06,612
2016.06.13,00:00,24.07,24.11,23.84,23.85,628
2016.06.14,00:00,23.79,24.00,23.63,23.84,539
2016.06.15,00:00,23.84,24.07,23.83,23.94,605
2016.06.16,00:00,23.84,23.93,23.46,23.86,815
2016.06.17,00:00,23.63,23.88,23.59,23.79,760
2016.06.20,00:00,24.30,24.86,24.26,24.56,875
2016.06.21,00:00,24.53,24.76,24.45,24.71,703
2016.06.22,00:00,24.69,24.74,24.32,24.34,521
2016.06.23,00:00,24.61,24.94,24.60,24.85,699
2016.06.24,00:00,23.74,23.86,22.81,23.24,2116
2016.06.27,00:00,22.85,22.98,22.30,22.70,1575
2016.06.28,00:00,22.84,23.10,22.76,22.97,915
2016.06.29,00:00,23.22,23.37,23.07,23.30,533
2016.06.30,00:00,23.39,23.46,23.25,23.39,847
2016.07.01,00:00,23.42,23.94,23.40,23.78,464
2016.07.05,00:00,23.61,23.82,23.43,23.78,629
2016.07.06,00:00,23.61,23.84,23.30,23.80,1151
2016.07.07,00:00,23.82,23.99,23.75,23.91,1169
2016.07.08,00:00,23.94,24.65,23.94,24.60,819
2016.07.11,00:00,24.62,25.01,24.62,24.88,881
2016.07.12,00:00,24.98,25.33,24.95,25.11,738
2016.07.13,00:00,25.13,25.26,24.98,25.12,891
2016.07.14,00:00,25.44,26.24,25.44,26.10,1580
2016.07.15,00:00,26.07,26.32,25.95,26.31,1125
2016.07.18,00:00,26.13,26.55,26.12,26.51,799
2016.07.19,00:00,26.59,26.69,26.39,26.47,880
2016.07.20,00:00,26.60,27.13,26.41,26.97,1149
2016.07.21,00:00,28.94,30.30,28.93,29.94,3320
2016.07.22,00:00,29.79,30.55,29.75,30.54,1408
2016.07.25,00:00,30.34,30.85,30.32,30.65,1261
2016.07.26,00:00,30.51,31.37,30.51,31.37,1321
2016.07.27,00:00,31.39,31.66,31.10,31.29,1367
2016.07.28,00:00,31.25,31.48,31.07,31.19,1211
2016.07.29,00:00,31.05,31.23,30.90,31.19,780
2016.08.01,00:00,31.17,31.38,31.13,31.23,1038
2016.08.02,00:00,31.02,31.20,30.69,30.83,1558
2016.08.03,00:00,30.82,31.03,30.69,30.94,950
2016.08.04,00:00,30.95,31.27,30.85,31.05,947
2016.08.05,00:00,31.34,31.44,31.10,31.37,910
2016.08.08,00:00,31.30,31.31,30.94,31.15,737
2016.08.09,00:00,31.05,31.24,30.94,31.17,636
2016.08.10,00:00,31.05,31.24,30.94,31.13,646
2016.08.11,00:00,31.05,31.49,31.01,31.25,571
2016.08.12,00:00,31.18,31.26,30.92,30.92,671
2016.08.15,00:00,30.92,31.29,30.63,31.05,1252
2016.08.16,00:00,30.82,30.86,30.58,30.85,711
2016.08.17,00:00,30.84,30.88,30.49,30.62,707
2016.08.18,00:00,30.53,30.66,30.42,30.48,600
2016.08.19,00:00,30.49,30.64,30.35,30.63,772
2016.08.22,00:00,30.45,30.63,30.37,30.61,683
2016.08.23,00:00,30.59,30.96,30.59,30.65,602
2016.08.24,00:00,30.73,31.32,30.71,31.21,1182
2016.08.25,00:00,31.07,31.44,31.04,31.33,778
2016.08.26,00:00,31.22,31.62,31.08,31.28,1574
2016.08.29,00:00,31.23,31.49,31.14,31.40,606
2016.08.30,00:00,31.37,32.02,31.37,31.74,882
2016.08.31,00:00,31.67,32.22,31.58,32.20,1115
2016.09.01,00:00,32.13,32.23,31.88,32.09,1005
2016.09.02,00:00,32.23,32.49,32.11,32.26,1023
2016.09.06,00:00,32.25,32.65,32.12,32.40,699
2016.09.07,00:00,32.42,32.72,32.29,32.54,848
2016.09.08,00:00,32.39,32.80,32.37,32.68,725
2016.09.09,00:00,32.39,32.58,31.85,31.95,1719
2016.09.12,00:00,31.59,32.55,31.54,32.44,1401
2016.09.13,00:00,32.02,32.17,31.70,31.98,2026
2016.09.14,00:00,31.99,32.11,31.69,31.81,1338
2016.09.15,00:00,31.66,31.96,31.32,31.94,1506
2016.09.16,00:00,31.66,31.86,31.61,31.79,1047
2016.09.19,00:00,31.79,31.94,31.42,31.56,784
2016.09.20,00:00,31.60,31.78,31.21,31.38,851
2016.09.21,00:00,31.47,32.00,31.47,31.98,1635
2016.09.22,00:00,32.04,32.30,32.02,32.26,783
2016.09.23,00:00,32.18,32.36,32.07,32.10,1203
2016.09.26,00:00,31.91,31.91,31.58,31.69,788
2016.09.27,00:00,31.63,32.08,31.63,31.93,1021
2016.09.28,00:00,31.80,31.95,31.66,31.82,1165
2016.09.29,00:00,33.02,33.15,32.18,32.31,2425
2016.09.30,00:00,32.52,33.00,32.47,32.94,968
2016.10.03,00:00,31.53,32.63,31.38,32.54,2418
2016.10.04,00:00,32.50,33.01,32.41,32.56,2229
2016.10.05,00:00,32.37,32.45,32.06,32.14,962
2016.10.06,00:00,32.09,32.19,31.85,32.10,1420
2016.10.07,00:00,32.14,32.15,31.03,31.61,1744
2016.10.10,00:00,31.99,32.22,31.87,31.96,830
2016.10.11,00:00,31.88,31.95,31.12,31.43,1071
2016.10.12,00:00,31.48,31.58,31.25,31.52,921
2016.10.13,00:00,31.62,31.75,31.05,31.48,1864
2016.10.14,00:00,31.78,32.21,31.58,31.88,1608
2016.10.17,00:00,32.11,32.11,31.36,31.77,1344
2016.10.18,00:00,32.17,32.35,31.55,31.64,1501
2016.10.19,00:00,31.80,32.51,31.68,32.40,2046
2016.10.20,00:00,29.38,29.70,28.73,28.88,3117
2016.10.21,00:00,28.99,29.16,28.58,29.05,1351
2016.10.24,00:00,29.24,29.68,29.12,29.21,1157
2016.10.25,00:00,29.12,29.36,28.92,29.02,1078
2016.10.26,00:00,28.92,29.02,28.75,28.80,970
2016.10.27,00:00,28.86,29.04,28.61,28.75,1040
2016.10.28,00:00,28.82,29.06,28.45,28.61,2392
2016.10.31,00:00,28.63,28.66,28.41,28.50,734
2016.11.01,00:00,28.49,28.67,28.07,28.37,1310
2016.11.02,00:00,28.17,28.48,28.09,28.28,1441
2016.11.03,00:00,28.17,28.41,28.00,28.02,1054
2016.11.04,00:00,27.91,28.26,27.91,27.98,1351
2016.11.07,00:00,28.27,28.34,28.06,28.21,779
2016.11.08,00:00,28.07,28.22,27.61,27.98,1583
2016.11.09,00:00,27.38,28.44,27.38,28.26,3639
2016.11.10,00:00,28.33,28.72,27.80,28.10,4868
2016.11.11,00:00,27.96,28.73,27.91,28.64,2910
2016.11.14,00:00,28.58,28.71,27.86,27.89,2559
2016.11.15,00:00,28.00,28.74,27.99,28.49,1280
2016.11.16,00:00,28.41,28.86,28.32,28.33,1645
2016.11.17,00:00,28.33,28.89,28.30,28.87,1053
2016.11.18,00:00,28.76,28.89,28.54,28.65,1002
2016.11.21,00:00,28.69,29.11,28.64,28.98,1119
2016.11.22,00:00,29.02,29.32,28.91,29.06,1189
2016.11.23,00:00,28.98,29.02,28.63,28.84,1320
2016.11.25,00:00,28.90,28.97,28.72,28.90,670
2016.11.28,00:00,28.84,28.84,28.51,28.56,1167
2016.11.29,00:00,28.57,28.79,28.49,28.52,946
2016.11.30,00:00,28.45,28.57,27.83,27.85,1517
2016.12.01,00:00,27.91,27.97,27.27,27.36,1762
2016.12.02,00:00,27.71,28.81,27.71,28.39,2633
2016.12.05,00:00,28.57,28.88,28.34,28.34,1677
2016.12.06,00:00,28.23,28.37,28.02,28.22,1347
2016.12.07,00:00,28.14,28.97,28.14,28.87,1626
2016.12.08,00:00,28.85,29.84,28.78,29.40,2338
2016.12.09,00:00,29.46,30.08,29.41,29.95,1351
2016.12.12,00:00,29.96,30.44,29.83,30.16,1843
2016.12.13,00:00,30.39,30.49,29.89,29.89,1524
2016.12.14,00:00,29.84,30.13,29.63,29.81,2802
2016.12.15,00:00,29.79,29.95,29.63,29.75,1989
2016.12.16,00:00,29.64,29.89,29.56,29.59,1314
2016.12.19,00:00,29.53,29.78,29.30,29.37,1165
2016.12.20,00:00,29.49,29.49,29.00,29.22,847
2016.12.21,00:00,29.07,29.37,29.06,29.30,923
2016.12.22,00:00,29.23,29.68,29.22,29.52,874
2016.12.23,00:00,29.55,29.78,29.40,29.68,1096
2016.12.27,00:00,29.82,30.35,29.75,30.22,1351
2016.12.28,00:00,30.16,30.21,29.92,29.99,1002
2016.12.29,00:00,29.94,30.19,29.82,29.96,1072
2016.12.30,00:00,30.04,30.17,29.56,29.63,1087
2017.01.03,00:00,29.85,30.17,29.62,29.82,1557
2017.01.04,00:00,29.89,29.99,29.49,29.70,1065
2017.01.05,00:00,29.59,30.06,29.57,30.00,1067
2017.01.06,00:00,29.88,31.14,29.74,30.99,1306
2017.01.09,00:00,30.93,30.98,30.59,30.74,932
2017.01.10,00:00,30.58,30.58,29.83,30.19,1002
2017.01.11,00:00,30.29,30.40,30.01,30.29,1033
2017.01.12,00:00,30.40,30.51,30.09,30.28,1107
2017.01.13,00:00,30.16,30.33,29.83,30.26,788
2017.01.17,00:00,30.21,30.66,30.10,30.25,1084
2017.01.18,00:00,30.24,30.46,30.13,30.37,862
2017.01.19,00:00,30.26,30.82,30.18,30.71,1274
2017.01.20,00:00,30.76,30.94,30.51,30.61,1452
2017.01.23,00:00,30.55,30.56,30.05,30.24,1169
2017.01.24,00:00,30.25,30.30,29.69,30.00,1222
2017.01.25,00:00,30.19,30.48,29.99,30.11,1068
2017.01.26,00:00,32.16,32.70,31.53,31.74,4148
2017.01.27,00:00,31.85,32.59,31.36,32.47,2169
2017.01.30,00:00,32.10,32.24,31.77,32.14,1719
2017.01.31,00:00,31.85,31.95,31.47,31.78,1567
2017.02.01,00:00,31.83,32.20,31.80,32.17,1590
2017.02.02,00:00,32.04,32.17,31.83,31.94,1327
2017.02.03,00:00,31.97,32.16,31.88,32.03,1016
2017.02.06,00:00,31.99,32.22,31.85,32.02,879
2017.02.07,00:00,31.97,32.45,31.78,32.40,1320
2017.02.08,00:00,32.33,33.39,32.27,33.25,1395
2017.02.09,00:00,33.28,33.29,32.97,33.15,1059
2017.02.10,00:00,33.10,33.82,33.03,33.61,1009
2017.02.13,00:00,33.59,34.07,33.52,33.79,1075
2017.02.14,00:00,33.71,33.94,33.56,33.62,1163
2017.02.15,00:00,33.57,34.13,33.49,33.97,1406
2017.02.16,00:00,33.82,34.13,33.45,33.48,1091
2017.02.17,00:00,33.45,33.88,33.42,33.76,1082
2017.02.21,00:00,33.77,34.21,33.74,33.96,1189
2017.02.22,00:00,33.85,34.12,33.62,33.83,1096
2017.02.23,00:00,33.72,33.90,33.53,33.55,1004
2017.02.24,00:00,33.51,34.05,33.36,34.04,1164
2017.02.27,00:00,34.00,34.29,33.80,34.26,1031
2017.02.28,00:00,34.10,34.26,33.88,33.89,870
2017.03.01,00:00,34.12,34.41,34.11,34.30,1059
2017.03.02,00:00,34.16,34.19,33.73,33.91,1127
2017.03.03,00:00,33.75,33.86,33.38,33.72,1049
2017.03.06,00:00,33.56,33.74,33.27,33.69,732
2017.03.07,00:00,33.68,33.81,33.39,33.41,837
2017.03.08,00:00,33.49,33.52,33.16,33.26,1211
2017.03.09,00:00,33.19,33.34,33.01,33.16,985
2017.03.10,00:00,33.35,33.38,33.05,33.12,857
2017.03.13,00:00,33.08,33.17,32.73,32.75,863
2017.03.14,00:00,32.73,32.93,32.57,32.81,758
2017.03.15,00:00,33.09,33.09,32.56,32.91,1121
2017.03.16,00:00,32.76,33.18,32.76,33.12,705
2017.03.17,00:00,33.14,33.82,33.14,33.76,1083
2017.03.20,00:00,33.69,34.00,33.43,33.80,1521
2017.03.21,00:00,33.86,33.95,33.04,33.12,1771
2017.03.22,00:00,33.19,33.65,33.15,33.53,1585
2017.03.23,00:00,33.44,33.76,33.41,33.48,1287
2017.03.24,00:00,33.58,33.65,33.20,33.42,1101
2017.03.27,00:00,33.07,33.47,32.83,33.45,848
2017.03.28,00:00,33.30,33.64,33.28,33.55,909
2017.03.29,00:00,33.49,33.76,33.42,33.63,791
2017.03.30,00:00,33.65,33.78,33.53,33.67,612
2017.03.31,00:00,33.52,33.93,33.49,33.60,742
2017.04.03,00:00,33.40,33.89,33.29,33.75,1733
2017.04.04,00:00,33.69,34.24,33.66,34.17,1116
2017.04.05,00:00,34.14,34.71,33.77,33.85,2243
2017.04.06,00:00,33.96,34.30,33.82,34.06,1706
2017.04.07,00:00,34.04,34.12,33.79,33.92,1101
2017.04.10,00:00,33.91,34.34,33.86,34.06,1626
2017.04.11,00:00,34.00,34.12,33.71,33.95,2025
2017.04.12,00:00,33.93,34.61,33.93,34.24,1792
2017.04.13,00:00,34.15,34.68,34.06,34.39,1375
2017.04.17,00:00,34.33,34.42,34.08,34.42,921
2017.04.18,00:00,34.11,34.33,33.81,34.03,1345
2017.04.19,00:00,34.15,34.32,33.78,33.90,1452
2017.04.20,00:00,32.77,33.02,32.31,32.53,3548
2017.04.21,00:00,32.54,32.59,31.93,32.17,1676
2017.04.24,00:00,32.20,32.52,31.86,32.03,1207
2017.04.25,00:00,32.09,32.80,31.95,32.78,1104
2017.04.26,00:00,32.75,33.10,32.60,33.00,1268
2017.04.27,00:00,32.93,33.09,32.78,33.02,1145
2017.04.28,00:00,33.04,33.41,32.86,33.41,1082
2017.05.01,00:00,33.34,33.55,33.18,33.34,764
2017.05.02,00:00,33.32,33.53,33.32,33.44,763
2017.05.03,00:00,33.38,33.45,33.13,33.25,763
2017.05.04,00:00,33.24,33.65,33.19,33.49,1100
2017.05.05,00:00,33.50,33.69,33.43,33.46,565
2017.05.08,00:00,33.45,33.70,33.19,33.23,487
2017.05.09,00:00,33.17,33.85,33.08,33.67,944
2017.05.10,00:00,33.66,34.14,33.66,33.84,720
2017.05.11,00:00,33.71,34.15,33.70,34.10,613
2017.05.12,00:00,34.03,34.26,33.99,34.02,578
2017.05.15,00:00,33.99,34.35,33.88,34.17,508
2017.05.16,00:00,34.21,34.85,34.17,34.81,695
2017.05.17,00:00,34.53,34.59,33.56,33.59,1475
2017.05.18,00:00,33.57,33.89,32.99,33.77,1993
2017.05.19,00:00,33.70,34.19,33.58,33.81,1252
2017.05.22,00:00,33.74,34.02,33.64,33.89,882
2017.05.23,00:00,34.24,34.84,34.17,34.60,1341
2017.05.24,00:00,34.60,34.97,34.42,34.84,1386
2017.05.25,00:00,34.86,35.28,34.85,35.22,1330
2017.05.26,00:00,35.19,35.20,34.65,34.82,975
2017.05.30,00:00,34.76,34.81,34.36,34.61,871
2017.05.31,00:00,34.63,34.74,34.09,34.27,1045
2017.06.01,00:00,34.45,34.87,34.18,34.77,750
2017.06.02,00:00,34.79,35.42,34.59,35.29,1113
2017.06.05,00:00,35.93,35.93,35.38,35.54,1013
2017.06.06,00:00,35.40,35.79,35.33,35.47,1119
2017.06.07,00:00,35.60,35.85,35.54,35.80,1213
2017.06.08,00:00,36.07,36.30,35.85,36.12,1527
2017.06.09,00:00,36.05,36.48,34.68,34.90,4163
2017.06.12,00:00,34.67,34.74,33.97,34.10,3942
2017.06.13,00:00,34.18,34.53,34.06,34.38,1991
2017.06.14,00:00,34.57,34.71,34.09,34.53,2573
2017.06.15,00:00,34.13,34.27,33.87,34.07,1980
2017.06.16,00:00,33.95,34.31,33.91,33.95,1795
2017.06.19,00:00,34.02,34.96,34.01,34.92,1384
2017.06.20,00:00,34.86,35.31,34.79,34.92,1483
2017.06.21,00:00,34.96,35.09,34.73,34.94,1450
2017.06.22,00:00,34.93,35.25,34.82,35.12,1122
2017.06.23,00:00,35.00,35.70,34.93,35.51,873
2017.06.26,00:00,35.80,35.94,34.97,35.07,2216
2017.06.27,00:00,35.05,35.29,34.83,34.93,2148
2017.06.28,00:00,34.94,35.30,34.59,35.29,2030
2017.06.29,00:00,35.16,35.17,34.07,34.52,3529
2017.06.30,00:00,34.55,35.04,34.49,35.04,1585
2017.07.03,00:00,35.13,35.28,34.53,34.57,1328
2017.07.05,00:00,34.71,34.83,34.48,34.69,1818
2017.07.06,00:00,34.38,34.45,33.93,34.02,2180
2017.07.07,00:00,33.99,34.52,33.93,34.25,1122
2017.07.10,00:00,34.23,35.11,34.23,34.99,1384
2017.07.11,00:00,34.90,35.42,34.86,35.15,1775
2017.07.12,00:00,35.52,36.17,35.51,36.02,1945
2017.07.13,00:00,36.50,37.07,36.24,36.46,2552
2017.07.14,00:00,36.87,37.17,36.80,37.06,1204
2017.07.17,00:00,37.03,37.14,36.55,36.98,1390
2017.07.18,00:00,36.89,36.89,36.55,36.71,2052
2017.07.19,00:00,36.86,37.23,36.63,37.01,1979
2017.07.20,00:00,37.07,37.45,36.95,37.16,2870
2017.07.21,00:00,36.17,36.87,36.02,36.62,4407
2017.07.24,00:00,36.44,36.69,36.20,36.35,1675
2017.07.25,00:00,36.31,36.38,36.04,36.26,1388
2017.07.26,00:00,36.31,36.99,36.31,36.97,1529
2017.07.27,00:00,37.05,37.23,35.52,36.13,4426
2017.07.28,00:00,35.96,36.17,35.71,35.93,1840
2017.07.31,00:00,35.95,36.09,35.63,35.69,1486
2017.08.01,00:00,35.80,35.99,35.72,35.83,1229
2017.08.02,00:00,35.71,35.92,35.40,35.91,2165
2017.08.03,00:00,35.95,35.95,35.55,35.69,1353
2017.08.04,00:00,35.64,35.83,35.52,35.59,1117
2017.08.07,00:00,35.61,36.13,35.36,36.07,859
2017.08.08,00:00,35.89,36.62,35.87,36.29,1805
2017.08.09,00:00,36.06,36.21,35.71,36.06,1571
2017.08.10,00:00,35.83,35.95,34.92,34.98,3423
2017.08.11,00:00,35.21,35.26,34.75,35.06,2466
2017.08.14,00:00,35.31,35.35,34.86,35.22,1147
2017.08.15,00:00,35.22,35.39,35.09,35.26,1342
2017.08.16,00:00,35.11,35.46,35.11,35.35,1583
2017.08.17,00:00,35.26,35.43,34.82,34.86,2573
2017.08.18,00:00,34.81,35.12,34.71,34.80,2613
2017.08.21,00:00,34.80,34.87,34.08,34.26,1728
2017.08.22,00:00,34.30,34.79,34.30,34.79,893
2017.08.23,00:00,34.54,34.96,34.50,34.91,1070
2017.08.24,00:00,34.85,35.02,34.50,34.84,1515
2017.08.25,00:00,34.82,35.05,34.55,34.69,1308
2017.08.28,00:00,34.67,34.87,34.65,34.75,1052
2017.08.29,00:00,34.39,35.30,34.35,35.23,1130
2017.08.30,00:00,35.13,35.94,35.06,35.70,1075
2017.08.31,00:00,35.75,36.30,35.75,36.12,1007
2017.09.01,00:00,36.18,36.56,36.13,36.35,1091
2017.09.05,00:00,36.19,36.47,35.75,36.09,2544
2017.09.06,00:00,36.11,36.96,36.09,36.76,2369
2017.09.07,00:00,36.90,38.17,36.76,37.97,2198
2017.09.08,00:00,37.92,38.27,37.71,37.81,1330
2017.09.11,00:00,38.03,38.23,37.97,38.06,1397
2017.09.12,00:00,37.99,38.27,37.95,38.15,1752
2017.09.13,00:00,38.04,38.47,37.98,38.22,1163
2017.09.14,00:00,38.17,38.56,38.11,38.29,1275
2017.09.15,00:00,38.15,38.84,38.03,38.37,1503
2017.09.18,00:00,38.28,38.66,38.18,38.40,1225
2017.09.19,00:00,38.32,38.74,38.32,38.57,1141
2017.09.20,00:00,38.55,38.86,38.21,38.56,2439
2017.09.21,00:00,38.49,38.68,38.19,38.24,1641
2017.09.22,00:00,38.06,38.31,38.02,38.28,1407
2017.09.25,00:00,38.11,38.27,37.54,37.73,2871
2017.09.26,00:00,37.86,38.18,37.74,37.84,1419
2017.09.27,00:00,37.90,38.29,37.76,38.09,1796
2017.09.28,00:00,37.73,37.94,37.60,37.74,1298
2017.09.29,00:00,37.73,38.59,37.71,38.48,1666
2017.10.02,00:00,38.36,38.77,38.36,38.71,1523
2017.10.03,00:00,38.62,39.04,38.48,38.70,1330
2017.10.04,00:00,38.64,38.83,38.49,38.63,1326
2017.10.05,00:00,38.75,39.03,38.65,38.96,1362
2017.10.06,00:00,38.93,39.07,38.67,38.79,1213
2017.10.09,00:00,38.90,39.25,38.90,38.98,852
2017.10.10,00:00,39.02,39.26,38.77,38.80,1270
2017.10.11,00:00,38.75,38.97,38.17,38.29,1129
2017.10.12,00:00,38.28,38.49,38.05,38.10,1392
2017.10.13,00:00,38.31,38.52,38.16,38.31,1289
2017.10.16,00:00,38.32,38.38,37.71,37.75,1410
2017.10.17,00:00,37.71,37.82,37.41,37.48,1722
2017.10.18,00:00,37.64,38.20,37.51,37.89,1865
2017.10.19,00:00,36.43,37.46,36.19,37.13,5858
2017.10.20,00:00,37.42,37.84,37.36,37.57,1608
2017.10.23,00:00,37.48,37.82,36.72,36.78,1596
2017.10.24,00:00,36.76,37.00,36.55,36.71,1412
2017.10.25,00:00,36.64,36.89,36.43,36.63,1540
2017.10.26,00:00,36.69,37.21,36.69,36.94,1256
2017.10.27,00:00,37.00,37.33,36.61,36.83,1869
2017.10.30,00:00,36.83,37.11,36.72,37.01,1193
2017.10.31,00:00,37.09,37.67,37.05,37.61,843
2017.11.01,00:00,37.89,38.08,37.43,37.51,1559
2017.11.02,00:00,37.47,37.49,36.99,37.38,2042
2017.11.03,00:00,37.26,37.52,37.11,37.51,1359
2017.11.06,00:00,37.44,37.60,37.30,37.35,1215
2017.11.07,00:00,37.39,37.57,37.10,37.40,1456
2017.11.08,00:00,37.23,37.34,36.94,36.98,1030
2017.11.09,00:00,36.10,36.10,35.20,35.67,3297
2017.11.10,00:00,35.42,36.02,35.32,36.00,898
2017.11.13,00:00,35.58,36.08,35.32,35.78,1092
2017.11.14,00:00,35.71,35.74,35.17,35.20,1326
2017.11.15,00:00,35.00,35.45,34.77,35.22,1684
2017.11.16,00:00,35.34,35.81,35.29,35.57,1225
2017.11.17,00:00,35.54,35.70,35.30,35.57,1142
2017.11.20,00:00,35.60,35.96,35.42,35.49,984
2017.11.21,00:00,35.63,36.10,35.56,35.90,909
2017.11.22,00:00,35.99,36.19,35.84,35.94,998
2017.11.24,00:00,35.93,35.94,35.70,35.83,404
2017.11.27,00:00,35.81,36.19,35.78,35.94,756
2017.11.28,00:00,35.96,36.19,35.54,35.57,1573
2017.11.29,00:00,35.42,35.42,33.94,34.39,3245
2017.11.30,00:00,34.46,35.17,34.46,34.69,2620
2017.12.01,00:00,34.48,35.22,34.26,35.17,5787
2017.12.04,00:00,35.51,36.05,35.36,35.69,3275
2017.12.05,00:00,35.80,37.15,35.74,36.81,3893
2017.12.06,00:00,36.47,36.88,36.32,36.74,2269
2017.12.07,00:00,36.63,37.12,36.58,36.84,1784
2017.12.08,00:00,37.20,37.97,37.10,37.58,2768
2017.12.11,00:00,37.46,37.68,37.31,37.51,1450
2017.12.12,00:00,37.40,37.48,37.09,37.40,1206
2017.12.13,00:00,37.36,37.64,37.33,37.40,1616
2017.12.14,00:00,37.42,37.76,37.42,37.58,1500
2017.12.15,00:00,37.54,38.38,37.40,38.37,1978
2017.12.18,00:00,38.49,38.65,38.12,38.14,1321
2017.12.19,00:00,38.16,38.22,37.72,37.81,1168
2017.12.20,00:00,37.78,38.09,37.75,37.95,1155
2017.12.21,00:00,38.10,38.22,37.77,37.78,1002
2017.12.22,00:00,37.66,37.90,37.53,37.75,1098
2017.12.26,00:00,37.69,38.00,37.60,37.91,873
2017.12.27,00:00,37.95,38.05,37.56,37.63,978
2017.12.28,00:00,37.52,37.91,37.42,37.88,892
2017.12.29,00:00,37.78,38.03,37.65,37.73,746
2018.01.02,00:00,37.93,38.36,37.92,38.07,1364
2018.01.03,00:00,38.12,39.27,37.90,39.19,1442
2018.01.04,00:00,39.32,39.76,38.46,38.58,1951
2018.01.05,00:00,38.81,39.82,38.81,39.69,1583
2018.01.08,00:00,39.62,40.07,39.43,39.82,1532
2018.01.09,00:00,39.99,40.11,39.47,39.53,1814
2018.01.10,00:00,38.85,38.85,37.54,37.69,3564
2018.01.11,00:00,37.80,37.91,37.44,37.79,1543
2018.01.12,00:00,38.02,38.25,37.90,38.01,1559
2018.01.16,00:00,38.10,38.22,37.37,37.66,2413
2018.01.17,00:00,38.00,38.29,37.73,37.99,1816
2018.01.18,00:00,38.16,38.92,38.11,38.71,1649
2018.01.19,00:00,38.67,39.01,38.18,38.40,1325
2018.01.22,00:00,38.32,39.70,38.32,39.52,1799
2018.01.23,00:00,39.55,39.87,39.11,39.73,1383
2018.01.24,00:00,39.74,40.68,39.68,39.82,3043
2018.01.25,00:00,39.88,40.40,39.85,39.99,1873
2018.01.26,00:00,40.17,40.86,39.91,40.85,1490
2018.01.29,00:00,40.60,41.05,40.58,40.78,2250
2018.01.30,00:00,40.77,41.29,40.18,40.41,2940
2018.01.31,00:00,40.40,41.08,40.34,40.60,3562
2018.02.01,00:00,45.36,46.95,45.30,46.21,7203
2018.02.02,00:00,45.17,46.19,44.30,44.31,4621
